,-10,-9.5,-9,-8.5,-8,-7.5,-7,-6.5,-6,-5.5,-5,-4.5,-4,-3.5,-3,-2.5,-2,-1.5,-1,-0.5,0,0.5,1,1.5,2,2.5,3,3.5,4,4.5,5,5.5,6,6.5,7,7.5,8,8.5,9,9.5,10,10.5,11,11.5,12,12.5,13,13.5,14,14.5,15,15.5,16,16.5,17
-19,-1.4784,-1.4766999,-1.4752001,-1.4737,-1.4723001,-1.4707,-1.4693,-1.4677,-1.4661,-1.4646,-1.4630001,-1.4612,-1.4595,-1.4579,-1.4564,-1.4546,-1.4529001,-1.451,-1.4493001,-1.4476,-1.4457,-1.4436001,-1.4417,-1.4396,-1.4376,-1.4356,-1.4337,-1.4313,-1.4292001,-1.4273,-1.4245,-1.4222,-1.4198,-1.4173,-1.4143,-1.4115,-1.4086,-1.4053,-1.4016,-1.3983999,-1.395,-1.3911999,-1.3864,-1.3816,-1.3764,-1.3698,-1.3618,-1.3541,-1.34189,-1.32441,-1.28637,,,,
-18.5,-1.478,-1.4762,-1.4747,-1.4732,-1.4718,-1.4703,-1.4687001,-1.4672,-1.4656,-1.4641,-1.4622999,-1.4607,-1.4593,-1.4574,-1.4558001,-1.454,-1.4523,-1.4505,-1.4488,-1.4469,-1.4452,-1.4431,-1.4411,-1.4392999,-1.4371001,-1.4351,-1.4331,-1.4309,-1.4288,-1.4265,-1.4241,-1.4218,-1.4195,-1.4166,-1.4139,-1.4112,-1.4082,-1.4051,-1.4019001,-1.3986,-1.3943,-1.3909,-1.3863,-1.3812,-1.3765,-1.3702,-1.3628,-1.3543,-1.34306,-1.32573,-1.28484,,,,
-18,-1.4773,-1.4756,-1.4741,-1.4727,-1.4712,-1.4697,-1.4682,-1.4667,-1.4651,-1.4634,-1.4618,-1.4603,-1.4586,-1.457,-1.4553,-1.4536,-1.4519,-1.45,-1.4482,-1.4464999,-1.4445,-1.4425,-1.4406,-1.4388,-1.4367,-1.4347,-1.4327,-1.4304,-1.4281,-1.4259,-1.4236,-1.4211,-1.4187,-1.4161,-1.4134001,-1.4105,-1.4076999,-1.4044,-1.401,-1.3975,-1.3942,-1.39,-1.3857,-1.3805,-1.3762,-1.369,-1.3613,-1.3543,-1.34154,-1.32935,-1.283,,,,
-17.5,-1.4766999,-1.4751,-1.4736,-1.4722,-1.4707,-1.4691,-1.4676,-1.466,-1.4645,-1.4630001,-1.4612,-1.4596,-1.4581,-1.4563,-1.4548,-1.4529999,-1.4512,-1.4493999,-1.4476,-1.4459,-1.444,-1.4421,-1.4402,-1.4381,-1.4361,-1.4339,-1.4321001,-1.4299001,-1.4275,-1.4255,-1.4232,-1.4206001,-1.4181,-1.4155999,-1.4129,-1.4102,-1.4071,-1.4039,-1.4005001,-1.3972,-1.3934,-1.3895,-1.3854001,-1.3802,-1.3747,-1.3695,-1.3607,-1.3522,-1.34059,-1.3232501,-1.2727799,,,,
-17,-1.4761,-1.4744,-1.4730999,-1.4716001,-1.4701,-1.4686,-1.4671,-1.4655,-1.4639,-1.4622999,-1.4607,-1.4591,-1.4575,-1.4559,-1.4541,-1.4524,-1.4506,-1.4489,-1.4471,-1.4453,-1.4435,-1.4414001,-1.4395,-1.4375,-1.4354,-1.4337,-1.4315,-1.4294,-1.4270999,-1.4246,-1.4224,-1.4198999,-1.4175,-1.4148999,-1.4124,-1.4095,-1.4064,-1.4031,-1.3997999,-1.3967,-1.3926001,-1.3887,-1.3834,-1.3795,-1.374,-1.3683,-1.3605,-1.3515,-1.34008,-1.32336,-1.27547,,,,
-16.5,-1.4755,-1.4739,-1.4725,-1.471,-1.4694999,-1.4680001,-1.4664,-1.465,-1.4633,-1.4617,-1.4602,-1.4585,-1.4568,-1.4552,-1.4535,-1.4519,-1.4500999,-1.4483,-1.4464999,-1.4447,-1.443,-1.4408,-1.4391,-1.437,-1.4349999,-1.433,-1.4308,-1.4287,-1.4263999,-1.4241,-1.4218,-1.4195,-1.4169,-1.4144,-1.4116,-1.4084001,-1.4059,-1.4029,-1.3995,-1.3958,-1.3924,-1.3882999,-1.3839999,-1.3792,-1.3741,-1.3669,-1.3598,-1.3514,-1.34103,-1.3172801,-1.27187,,,,
-16,-1.4749,-1.4734,-1.4719,-1.4705,-1.4689,-1.4674,-1.466,-1.4643,-1.4628,-1.4612,-1.4596,-1.4579999,-1.4563,-1.4546,-1.4529999,-1.4511,-1.4495,-1.4476,-1.4459,-1.4441,-1.4423,-1.4403,-1.4385,-1.4364001,-1.4344,-1.4324,-1.4302,-1.428,-1.4258,-1.4234999,-1.4213001,-1.4186,-1.4163001,-1.4138,-1.411,-1.4082,-1.4052,-1.4018,-1.3987,-1.3951,-1.3914,-1.3875,-1.3832,-1.3783,-1.3729,-1.3671,-1.3595001,-1.3509001,-1.33794,-1.32046,-1.28302,,,,
-15.5,-1.4744,-1.4728,-1.4713,-1.4698,-1.4683,-1.467,-1.4654,-1.4638,-1.4622,-1.4605,-1.4591,-1.4572999,-1.4557,-1.454,-1.4523,-1.4506,-1.4489,-1.447,-1.4453,-1.4434,-1.4417,-1.4396,-1.4378,-1.4358,-1.4338,-1.4316,-1.4296,-1.4273,-1.4251,-1.4227999,-1.4206001,-1.4182,-1.4158,-1.4131,-1.4104,-1.4075,-1.4047,-1.4016,-1.3985,-1.395,-1.3907,-1.3872,-1.3825001,-1.3776,-1.3721,-1.3661,-1.3586,-1.3504,-1.3380899,-1.32147,-1.26621,,,,
-15,-1.4737999,-1.4723001,-1.4707,-1.4694,-1.4679,-1.4663,-1.4649,-1.4632,-1.4615999,-1.46,-1.4584,-1.4568,-1.4551001,-1.4534,-1.4519,-1.4500999,-1.4483,-1.4464999,-1.4447,-1.4428999,-1.4413,-1.4392,-1.4371001,-1.4351,-1.4331,-1.4312,-1.429,-1.4269,-1.4246,-1.4223,-1.4198,-1.4174,-1.4151,-1.4124,-1.4098001,-1.4068,-1.404,-1.4011,-1.3973,-1.3938,-1.3901,-1.3863,-1.382,-1.3762,-1.3716,-1.3660001,-1.3581001,-1.3502001,-1.33824,-1.31758,-1.28025,,,,
-14.5,-1.4732,-1.4717,-1.4701999,-1.4687001,-1.4673001,-1.4657,-1.4642,-1.4626,-1.4611,-1.4595,-1.4579,-1.4561,-1.4546,-1.4529001,-1.4513,-1.4495,-1.4478,-1.4459,-1.4441,-1.4423,-1.4405,-1.4384,-1.4365,-1.4345,-1.4326,-1.4304,-1.4283,-1.4261,-1.4238,-1.4215,-1.4193,-1.4167,-1.4145,-1.4119,-1.4089,-1.4061,-1.4031,-1.4,-1.3966,-1.3933001,-1.3897001,-1.3853,-1.3812,-1.3766,-1.3710001,-1.3641,-1.3568,-1.34837,-1.3361501,-1.3152699,-1.2615499,,,,
-14,-1.4726,-1.4711,-1.4696,-1.4681,-1.4665999,-1.4651,-1.4637001,-1.4621,-1.4603,-1.4589,-1.4572001,-1.4555,-1.454,-1.4522001,-1.4505,-1.4488,-1.447,-1.4453,-1.4434,-1.4416,-1.4399,-1.438,-1.436,-1.4341,-1.4319,-1.4299001,-1.4278001,-1.4255,-1.4232,-1.4209,-1.4187,-1.4161,-1.4139,-1.4111,-1.408,-1.4057,-1.4026999,-1.3997,-1.3958,-1.3924,-1.3891,-1.3849,-1.3802,-1.3758,-1.3704,-1.3637,-1.3563,-1.3480099,-1.33649,-1.31905,-1.27622,,,,
-13.5,-1.472,-1.4705,-1.469,-1.4676,-1.4661,-1.4646,-1.4631,-1.4614,-1.4598,-1.4584,-1.4566,-1.455,-1.4534,-1.4517,-1.4499,-1.4482,-1.4466,-1.4447,-1.4428,-1.4411,-1.4392,-1.4372,-1.4353,-1.4333,-1.4313,-1.4292001,-1.4270999,-1.4247,-1.4226,-1.4204,-1.4182,-1.4157,-1.4131,-1.4103,-1.4076999,-1.4049,-1.402,-1.3989,-1.3952,-1.3916,-1.3882999,-1.3838,-1.3794,-1.375,-1.3698,-1.3631001,-1.3561,-1.34817,-1.33617,-1.31788,-1.27562,,,,
-13,-1.4715,-1.4701,-1.4685,-1.467,-1.4654,-1.464,-1.4625,-1.4608999,-1.4593,-1.4577,-1.4559,-1.4542,-1.4527,-1.451,-1.4495,-1.4477,-1.4457999,-1.444,-1.4423,-1.4403,-1.4385999,-1.4366,-1.4347,-1.4328001,-1.4306999,-1.4286,-1.4265,-1.4242001,-1.4220999,-1.4197,-1.4173,-1.4148,-1.4123,-1.4094,-1.4072,-1.4040999,-1.401,-1.3982,-1.3943,-1.3914,-1.3881,-1.3837,-1.3791,-1.3742,-1.3686,-1.3623,-1.3556,-1.34653,-1.33368,-1.31529,-1.26024,,,,
-12.5,-1.4709001,-1.4694999,-1.4679,-1.4663,-1.4649,-1.4633,-1.4619,-1.4603,-1.4586,-1.4571,-1.4554,-1.4536999,-1.4522001,-1.4504,-1.4487,-1.447,-1.4452,-1.4433,-1.4416,-1.4398,-1.438,-1.4359,-1.4341,-1.4321001,-1.4299999,-1.4279,-1.4259,-1.4234,-1.4213001,-1.419,-1.4167,-1.4143,-1.4118,-1.4089,-1.4065,-1.4037,-1.4008,-1.3973,-1.3941,-1.3907,-1.3868999,-1.3829,-1.3785,-1.3734,-1.3674001,-1.362,-1.3549,-1.34566,-1.33521,-1.31619,-1.274,,,,
-12,-1.4703,-1.4687999,-1.4673001,-1.4658,-1.4643,-1.4628,-1.4613,-1.4597,-1.4579,-1.4565001,-1.4548,-1.4532,-1.4516,-1.4497,-1.4482,-1.4464,-1.4446,-1.4428999,-1.4411,-1.4391,-1.4373,-1.4353,-1.4334,-1.4313999,-1.4294,-1.4270999,-1.4252,-1.4229,-1.4209,-1.4184999,-1.4158,-1.4138,-1.4111,-1.4084001,-1.4056,-1.4029,-1.4,-1.3965,-1.3933001,-1.39,-1.3859,-1.3822,-1.3778,-1.3724,-1.3673,-1.3616,-1.354,-1.3456399,-1.33236,-1.31653,-1.26766,,,,
-11.5,-1.4697,-1.4682,-1.4667,-1.4651999,-1.4637001,-1.4621,-1.4607,-1.4591,-1.4575,-1.4558001,-1.4542,-1.4526,-1.4509,-1.4492,-1.4475,-1.4457999,-1.444,-1.4421999,-1.4403,-1.4383,-1.4367,-1.4347,-1.4328001,-1.4306999,-1.4287,-1.4267,-1.4245,-1.4223,-1.4198999,-1.4174,-1.4152,-1.413,-1.4104,-1.4076999,-1.4048001,-1.4021,-1.3993,-1.3958,-1.3925,-1.3892,-1.3857,-1.3818001,-1.3766,-1.3723,-1.3665,-1.36,-1.3526,-1.34289,-1.33178,-1.31295,-1.26938,,,,
-11,-1.4691,-1.4676,-1.4661,-1.4646,-1.4631,-1.4615,-1.4601001,-1.4585,-1.4569,-1.4553,-1.4535,-1.452,-1.4503,-1.4485,-1.4469,-1.4452,-1.4434,-1.4416,-1.4398,-1.4378,-1.436,-1.434,-1.4322,-1.4299001,-1.428,-1.426,-1.4238,-1.4216,-1.4191999,-1.4169,-1.4147,-1.4122,-1.4096,-1.4071,-1.4042,-1.4014,-1.3983001,-1.3952,-1.3918999,-1.3888,-1.385,-1.3811001,-1.3762,-1.3713,-1.3665,-1.3594,-1.3523,-1.3437099,-1.33262,-1.31269,-1.28095,,,,
-10.5,-1.4684,-1.4671,-1.4655,-1.464,-1.4624,-1.4611,-1.4595,-1.4578,-1.4562,-1.4546,-1.4529001,-1.4514,-1.4496,-1.448,-1.4463,-1.4445,-1.4427,-1.4408,-1.4392,-1.4372,-1.4355,-1.4334,-1.4316,-1.4295,-1.4275,-1.4252,-1.4231,-1.4209,-1.4187,-1.4163001,-1.414,-1.4116,-1.409,-1.4062999,-1.4038,-1.4008,-1.3979,-1.3947999,-1.3908,-1.388,-1.3843,-1.38,-1.3752,-1.3704,-1.3657,-1.3585,-1.352,-1.34232,-1.32985,-1.31354,-1.2683901,,,,
-10,-1.4678,-1.4664,-1.4649,-1.4635,-1.4619,-1.4603,-1.4589,-1.4572001,-1.4556,-1.454,-1.4524,-1.4507,-1.449,-1.4473,-1.4456,-1.4439,-1.4421,-1.4402,-1.4387,-1.4366,-1.4349,-1.4328001,-1.4309,-1.4287,-1.4266,-1.4247,-1.4225,-1.4202,-1.418,-1.4155999,-1.4133,-1.4108,-1.4082,-1.4058,-1.403,-1.4,-1.3967,-1.3938,-1.3904001,-1.3871,-1.3827,-1.3793,-1.3741,-1.3699,-1.3643,-1.3582,-1.3511,-1.34109,-1.33103,-1.3097,-1.26627,,,,
-9.5,-1.4673001,-1.4658,-1.4643,-1.4628,-1.4614,-1.4597,-1.4583,-1.4566,-1.455,-1.4534,-1.4517,-1.45,-1.4485,-1.4466,-1.4450001,-1.4433,-1.4414001,-1.4397,-1.4378999,-1.4359,-1.4342,-1.432,-1.4303,-1.4282,-1.4258,-1.424,-1.4218,-1.4195,-1.4172,-1.4148999,-1.4126,-1.4102,-1.4076999,-1.405,-1.4022,-1.3993,-1.3963,-1.3933001,-1.3898,-1.3863,-1.3825999,-1.3784,-1.3741,-1.369,-1.3638999,-1.3573999,-1.3501,-1.3403,-1.3296,-1.31335,-1.2683901,,,,
-9,-1.4667,-1.4651999,-1.4637001,-1.4622,-1.4607,-1.459,-1.4577,-1.456,-1.4545,-1.4528,-1.4511,-1.4493999,-1.4477,-1.4462,-1.4444,-1.4425,-1.4408,-1.439,-1.4372,-1.4351,-1.4335001,-1.4315,-1.4295,-1.4275,-1.4251,-1.4231,-1.4212,-1.4188,-1.4166,-1.4144,-1.4117,-1.4096,-1.4071,-1.4040999,-1.4015,-1.3986,-1.3957,-1.3921,-1.3889,-1.3857,-1.382,-1.3778,-1.373,-1.3684,-1.3624001,-1.3565,-1.34935,-1.34059,-1.3295,-1.31194,-1.2669801,,,,
-8.5,-1.466,-1.4646,-1.4631,-1.4617,-1.46,-1.4585,-1.457,-1.4554,-1.4538,-1.4521,-1.4505,-1.4489,-1.4471,-1.4454,-1.4437,-1.4421,-1.4401,-1.4383,-1.4365,-1.4346,-1.4328001,-1.4306999,-1.4288,-1.4268,-1.4248,-1.4227,-1.4205,-1.4183,-1.416,-1.4135,-1.4112,-1.4086,-1.4061,-1.4035,-1.4005001,-1.3975,-1.3947999,-1.3917,-1.3881,-1.3851,-1.3814,-1.3771,-1.3721,-1.3676,-1.3624001,-1.3558,-1.34907,-1.3397599,-1.33103,-1.3108799,-1.2685601,,,,
-8,-1.4654,-1.464,-1.4624,-1.461,-1.4594001,-1.4579,-1.4564,-1.4547,-1.4532,-1.4515001,-1.4498,-1.4482,-1.4464,-1.4447,-1.4431,-1.4413,-1.4396,-1.4376,-1.4359,-1.434,-1.4322,-1.4299999,-1.4282,-1.4258,-1.4239,-1.4219,-1.4197,-1.4175,-1.4152,-1.4128,-1.4105,-1.4079,-1.4054,-1.4028,-1.3999,-1.3971,-1.3942,-1.3904999,-1.388,-1.3839999,-1.3803,-1.3763,-1.3714,-1.3666,-1.3612,-1.3552001,-1.34773,-1.33908,-1.32798,-1.30399,-1.26003,,,,
-7.5,-1.4648,-1.4634,-1.4618,-1.4604,-1.4589,-1.4572001,-1.4558001,-1.4541,-1.4525,-1.4507999,-1.4492,-1.4475,-1.4457999,-1.4441,-1.4424,-1.4407001,-1.4389,-1.4371001,-1.4352,-1.4332,-1.4315,-1.4294,-1.4275,-1.4255,-1.4232,-1.421,-1.419,-1.4168,-1.4146,-1.4122,-1.4097,-1.4073,-1.4048001,-1.402,-1.3993,-1.3965,-1.3935,-1.3904999,-1.3867,-1.3832999,-1.3789999,-1.3755,-1.3704,-1.3661,-1.3609999,-1.3537,-1.3469501,-1.34014,-1.3272099,-1.30705,-1.2725,,,,
-7,-1.4642,-1.4628,-1.4612,-1.4598,-1.4582,-1.4566,-1.4552,-1.4536,-1.4518,-1.4502,-1.4485,-1.4468,-1.4453,-1.4435,-1.4418,-1.4399,-1.4382,-1.4362,-1.4345,-1.4326,-1.4308,-1.4287,-1.4268,-1.4247,-1.4226,-1.4204,-1.4184,-1.4161,-1.4139,-1.4114,-1.4092,-1.4066,-1.4039,-1.4012001,-1.3986,-1.3954,-1.3924,-1.3895,-1.3861001,-1.3825999,-1.3783,-1.3742,-1.3695,-1.3652,-1.3602,-1.3532,-1.34668,-1.33737,-1.32709,-1.30854,-1.27117,,,,
-6.5,-1.4636,-1.4621,-1.4606,-1.4591,-1.4576,-1.4561,-1.4545,-1.4529001,-1.4512,-1.4495,-1.4479001,-1.4463,-1.4445,-1.4428,-1.4412,-1.4392,-1.4375,-1.4356,-1.4338,-1.4319,-1.4302,-1.428,-1.4261,-1.424,-1.4218,-1.4198999,-1.4174,-1.4152,-1.4131,-1.4107,-1.4081,-1.4057,-1.4035,-1.4006,-1.3977,-1.3947999,-1.3918,-1.3887,-1.3855,-1.3813,-1.3779,-1.3738,-1.3688999,-1.3642,-1.3587,-1.3533,-1.34488,-1.33636,-1.3231,-1.3017499,-1.27038,,,,
-6,-1.4630001,-1.4615,-1.46,-1.4584,-1.457,-1.4555,-1.4539,-1.4522001,-1.4506,-1.4489,-1.4471999,-1.4455,-1.4439,-1.4421999,-1.4403,-1.4385999,-1.4368,-1.4349999,-1.4331,-1.4312,-1.4294,-1.4274,-1.4253,-1.4233,-1.4212,-1.419,-1.4169,-1.4147,-1.4125,-1.4099,-1.4074,-1.4051,-1.4024,-1.3997999,-1.3969001,-1.3939,-1.3907,-1.3879,-1.3843,-1.3805,-1.3769,-1.373,-1.3684,-1.3629,-1.358,-1.3519,-1.3448499,-1.33632,-1.32532,-1.30626,-1.2574,,,,
-5.5,-1.4624,-1.4608999,-1.4594001,-1.4579,-1.4563,-1.4547,-1.4532,-1.4517,-1.4499,-1.4482,-1.4466,-1.4449,-1.4431,-1.4414001,-1.4397,-1.4378999,-1.4362,-1.4342999,-1.4325,-1.4304,-1.4287,-1.4265,-1.4246,-1.4226,-1.4204,-1.4184,-1.4162,-1.4137,-1.4115,-1.4093,-1.4068,-1.4042,-1.4016,-1.399,-1.3961999,-1.3934,-1.3904001,-1.3871,-1.3839,-1.3803999,-1.3763,-1.3724,-1.3673,-1.3622,-1.358,-1.3513,-1.3442,-1.33542,-1.3209,-1.30594,-1.2649,,,,
-5,-1.4617,-1.4603,-1.4586999,-1.4572001,-1.4557,-1.4541,-1.4526,-1.4509,-1.4493001,-1.4476,-1.4459,-1.4443001,-1.4425,-1.4409,-1.4391,-1.4371001,-1.4355,-1.4337,-1.4317,-1.4299001,-1.4281,-1.4259,-1.4239,-1.4220001,-1.4196,-1.4176,-1.4155,-1.4131,-1.4107,-1.4084001,-1.4062999,-1.4036,-1.4008,-1.3983001,-1.3954,-1.3926001,-1.3893,-1.3861001,-1.3829,-1.3791,-1.3753999,-1.3712,-1.3663,-1.3618,-1.3566999,-1.3507,-1.34247,-1.3341,-1.32318,-1.30519,-1.2555701,,,,
-4.5,-1.4612,-1.4597,-1.4581,-1.4566,-1.455,-1.4535,-1.4519,-1.4502,-1.4486001,-1.4469,-1.4452,-1.4436001,-1.4418,-1.4401,-1.4384,-1.4365,-1.4348,-1.4329,-1.431,-1.4291,-1.4273,-1.4254,-1.4231,-1.4212,-1.4191,-1.4167,-1.4146,-1.4124,-1.41,-1.4076999,-1.4055001,-1.4026,-1.4001,-1.3975,-1.3946,-1.3918,-1.3886,-1.3854001,-1.3824,-1.3787,-1.3746001,-1.3705,-1.3658,-1.3606,-1.355,-1.34821,-1.3415999,-1.33346,-1.32163,-1.3011301,-1.2607,,,,
-4,-1.4605,-1.459,-1.4575,-1.4559,-1.4543999,-1.4528,-1.4512,-1.4496,-1.448,-1.4463,-1.4446,-1.4428,-1.4412,-1.4394,-1.4377,-1.4359,-1.434,-1.4322,-1.4303,-1.4284,-1.4266,-1.4246,-1.4225,-1.4205,-1.4183,-1.4162,-1.4141001,-1.4117,-1.4089,-1.4068,-1.4046,-1.402,-1.3992,-1.3967,-1.3940001,-1.391,-1.3875999,-1.3846999,-1.3814,-1.3776,-1.3734,-1.3692,-1.3648,-1.3598,-1.3545001,-1.34921,-1.34114,-1.33204,-1.32234,-1.30187,-1.26863,,,,
-3.5,-1.4598,-1.4583,-1.4568,-1.4553,-1.4536999,-1.4521,-1.4506,-1.449,-1.4474,-1.4456,-1.444,-1.4421,-1.4403,-1.4387,-1.4369,-1.4351,-1.4334,-1.4313999,-1.4296,-1.4277,-1.4258,-1.4239,-1.4218,-1.4196,-1.4175,-1.4155,-1.4131,-1.4105999,-1.4086,-1.4062001,-1.4038,-1.4012001,-1.3985,-1.3959,-1.3931,-1.3901,-1.3872,-1.3838,-1.3802,-1.3766,-1.3728,-1.3691,-1.3641,-1.3588001,-1.3537,-1.34679,-1.3405,-1.33173,-1.3191299,-1.30178,-1.25887,,,,
-3,-1.4591,-1.4577,-1.4561,-1.4546,-1.4532,-1.4514,-1.4499,-1.4483,-1.4466,-1.4450001,-1.4433,-1.4414999,-1.4399,-1.4382,-1.4364001,-1.4344,-1.4327,-1.4308,-1.4288,-1.427,-1.4252,-1.423,-1.421,-1.4187,-1.4168,-1.4147,-1.4124,-1.41,-1.4078,-1.4052,-1.403,-1.4002,-1.3977,-1.395,-1.3921,-1.3893,-1.3862,-1.3828,-1.3789999,-1.376,-1.3721,-1.3679,-1.3634,-1.3583,-1.3529,-1.34644,-1.33955,-1.33007,-1.3188699,-1.2975301,-1.25574,,,,
-2.5,-1.4586,-1.457,-1.4556,-1.4539,-1.4525,-1.4507999,-1.4492,-1.4477,-1.4459,-1.4442,-1.4426,-1.4408,-1.4392,-1.4373,-1.4357001,-1.4338,-1.4319,-1.4302,-1.4281,-1.4263999,-1.4245,-1.4222,-1.4203,-1.4182,-1.416,-1.4138,-1.4116,-1.4094,-1.4072,-1.4046,-1.4022,-1.3996,-1.3971,-1.3944,-1.3914,-1.3884,-1.3852,-1.3823,-1.3786,-1.3747,-1.3709,-1.3668,-1.3622,-1.3575,-1.3516999,-1.34611,-1.33884,-1.32989,-1.31615,-1.30181,-1.25901,,,,
-2,-1.4578,-1.4564,-1.4549,-1.4532,-1.4517,-1.4500999,-1.4486001,-1.447,-1.4452,-1.4435,-1.4418,-1.4401,-1.4385,-1.4367,-1.4349999,-1.4331,-1.4312,-1.4294,-1.4274,-1.4255,-1.4237,-1.4216,-1.4196,-1.4174,-1.4153,-1.4132,-1.4108,-1.4087,-1.4061,-1.4037,-1.4013,-1.3987,-1.3961,-1.3935,-1.3906,-1.3875999,-1.3845,-1.3814,-1.378,-1.3741,-1.3704,-1.3658,-1.3609999,-1.3563,-1.3509001,-1.34442,-1.33777,-1.32776,-1.31734,-1.29458,-1.24825,,,,
-1.5,-1.4572999,-1.4556,-1.4542,-1.4526,-1.4511,-1.4495,-1.4479001,-1.4462,-1.4446,-1.4428999,-1.4412,-1.4395,-1.4376,-1.4359,-1.4342,-1.4323,-1.4305,-1.4285001,-1.4268,-1.4247,-1.423,-1.4208,-1.4188,-1.4167,-1.4144,-1.4124,-1.41,-1.4078,-1.4053,-1.403,-1.4004,-1.3979,-1.3954,-1.3925,-1.3896,-1.3868001,-1.3837,-1.3805,-1.3767,-1.3733,-1.3695,-1.3652,-1.3604,-1.3549,-1.35008,-1.34338,-1.33688,-1.32765,-1.31581,-1.29356,-1.25736,,,,
-1,-1.4566,-1.4551001,-1.4535,-1.452,-1.4504,-1.4488,-1.4471999,-1.4456,-1.4437,-1.4421999,-1.4404,-1.4387,-1.437,-1.4352,-1.4335001,-1.4316,-1.4298,-1.4278001,-1.426,-1.424,-1.4222,-1.4201,-1.4181,-1.4159,-1.4138,-1.4116,-1.4091001,-1.4069,-1.4046,-1.4023,-1.3996,-1.3973,-1.3942,-1.3916,-1.3886,-1.3859,-1.3829,-1.3796,-1.376,-1.3723,-1.3684,-1.3644,-1.3599,-1.3542,-1.34841,-1.34206,-1.3352,-1.32539,-1.31582,-1.29364,-1.25825,,,,
-0.5,-1.4559,-1.4543999,-1.4528,-1.4513,-1.4497,-1.448,-1.4464999,-1.4449,-1.443,-1.4414999,-1.4398,-1.438,-1.4362,-1.4345,-1.4328001,-1.4309,-1.429,-1.4272,-1.4255,-1.4233,-1.4215,-1.4191999,-1.4170001,-1.4151,-1.4128,-1.4107,-1.4086,-1.4061,-1.4038,-1.4013,-1.3987,-1.3965,-1.3935,-1.3909,-1.388,-1.385,-1.3819,-1.3787,-1.3749,-1.3715,-1.3676,-1.3633,-1.3583,-1.3538001,-1.3487,-1.34124,-1.33478,-1.3239599,-1.3131,-1.29432,-1.26358,,,,
0,-1.4552,-1.4536999,-1.4522001,-1.4506,-1.449,-1.4473,-1.4457999,-1.4442,-1.4425,-1.4409,-1.4391,-1.4373,-1.4356,-1.4338,-1.432,-1.4302,-1.4282,-1.4263999,-1.4246,-1.4226,-1.4206001,-1.4184999,-1.4165,-1.4143,-1.4119999,-1.41,-1.4076999,-1.4054,-1.403,-1.4004,-1.3979,-1.3954999,-1.3929,-1.3898,-1.3872,-1.3838,-1.381,-1.3776,-1.3739001,-1.3701,-1.3668,-1.3619,-1.3575,-1.3523,-1.34719,-1.34068,-1.33346,-1.32452,-1.31329,-1.29632,-1.25416,,,,
0.5,-1.4545,-1.4531,-1.4514,-1.4499,-1.4484,-1.4467,-1.4452,-1.4434,-1.4418,-1.4400001,-1.4383,-1.4366,-1.4348,-1.4331,-1.4313,-1.4294,-1.4276,-1.4256001,-1.4237,-1.4216,-1.4198999,-1.418,-1.4154,-1.4135,-1.4112,-1.4091001,-1.4067,-1.4046,-1.4021,-1.3996,-1.3972,-1.3946,-1.3918,-1.3892,-1.3863,-1.3834,-1.3803,-1.3765,-1.3731,-1.3694,-1.3656,-1.3615,-1.3569,-1.3519,-1.3453701,-1.34109,-1.33268,-1.32385,-1.31315,-1.29451,-1.25201,,,,
1,-1.4539,-1.4523,-1.4507999,-1.4493001,-1.4476,-1.446,-1.4444,-1.4428,-1.4409,-1.4392999,-1.4376,-1.4359,-1.434,-1.4323,-1.4304,-1.4287,-1.4267,-1.4248,-1.423,-1.4209,-1.4191,-1.4169,-1.4148,-1.4127001,-1.4105,-1.4083,-1.4061,-1.4037,-1.4014,-1.399,-1.3963,-1.3938,-1.391,-1.3884,-1.3851,-1.3825001,-1.3794,-1.3758,-1.3719,-1.3681999,-1.3648,-1.36,-1.3559999,-1.3507,-1.34579,-1.3386,-1.33202,-1.32249,-1.3091201,-1.29084,-1.24771,,,,
1.5,-1.4532,-1.4517,-1.45,-1.4485,-1.447,-1.4453,-1.4437,-1.442,-1.4403,-1.4385,-1.437,-1.4351,-1.4334,-1.4315,-1.4298,-1.4279,-1.426,-1.4241,-1.4223,-1.4201,-1.4183,-1.4161,-1.4137,-1.4119,-1.41,-1.4075,-1.4053,-1.4028,-1.4004,-1.3979,-1.3954999,-1.3929,-1.39,-1.3873,-1.3844,-1.3814,-1.3785,-1.375,-1.3716,-1.3679,-1.3634,-1.3595001,-1.3549,-1.3494999,-1.34384,-1.3385,-1.3307,-1.32075,-1.30858,-1.29125,-1.24639,,,,
2,-1.4525,-1.451,-1.4493999,-1.4478,-1.4463,-1.4445,-1.443,-1.4412,-1.4395,-1.4378,-1.4361,-1.4342999,-1.4326,-1.4309,-1.429,-1.4272,-1.4253,-1.4234999,-1.4215,-1.4193,-1.4175,-1.4152,-1.4132,-1.4111,-1.4088,-1.4068,-1.4044,-1.402,-1.3996,-1.3972,-1.3946,-1.3918999,-1.3893,-1.3864,-1.3835,-1.3802,-1.3773,-1.374,-1.3702,-1.3666,-1.3624001,-1.3583,-1.3537,-1.3493,-1.3429199,-1.33701,-1.32908,-1.31914,-1.30937,-1.2866,-1.2456,,,,
2.5,-1.4518,-1.4504,-1.4486001,-1.4471,-1.4455,-1.444,-1.4423,-1.4407001,-1.4388,-1.4371001,-1.4353,-1.4337,-1.4318,-1.4299999,-1.4282,-1.4263,-1.4245,-1.4226,-1.4206001,-1.4186,-1.4166,-1.4145,-1.4123,-1.4102,-1.4078,-1.4058,-1.4033999,-1.4009,-1.3986,-1.3963,-1.3938,-1.3911999,-1.3884,-1.3856,-1.3827,-1.3796,-1.3766,-1.3732001,-1.3695,-1.3656,-1.3611,-1.3576,-1.353,-1.348,-1.34255,-1.33547,-1.3282599,-1.31952,-1.30762,-1.28662,-1.24524,,,,
3,-1.4511,-1.4496,-1.448,-1.4463,-1.4449,-1.4432,-1.4416,-1.4398,-1.4381,-1.4362,-1.4346,-1.4329,-1.4312,-1.4293,-1.4275,-1.4256001,-1.4238,-1.4218,-1.4198999,-1.4177999,-1.4159,-1.4136,-1.4115,-1.4094,-1.4073,-1.405,-1.4026999,-1.4001,-1.3978,-1.3952,-1.3926001,-1.3901,-1.3874,-1.3846999,-1.3817,-1.3789001,-1.3755,-1.3719,-1.3685,-1.3649,-1.3608,-1.3559999,-1.3516001,-1.34632,-1.34062,-1.33494,-1.3275599,-1.3182499,-1.30646,-1.28738,-1.25528,,,,
3.5,-1.4504,-1.4488,-1.4473,-1.4456,-1.444,-1.4424,-1.4409,-1.439,-1.4374,-1.4356,-1.4338,-1.4321001,-1.4304,-1.4285001,-1.4266,-1.4248,-1.4229,-1.421,-1.419,-1.4170001,-1.4151,-1.4129,-1.4107,-1.4085,-1.4062999,-1.4042,-1.4017,-1.3995,-1.3971,-1.3945,-1.392,-1.3892,-1.3865,-1.3835,-1.3806,-1.3776,-1.3744,-1.3710001,-1.3674001,-1.3635,-1.3595999,-1.3552999,-1.3504,-1.34535,-1.33846,-1.33367,-1.32643,-1.31502,-1.30467,-1.2883,-1.24742,,,,
4,-1.4497,-1.4482,-1.4464999,-1.4449,-1.4433,-1.4416,-1.4401,-1.4383,-1.4365,-1.4348,-1.4332,-1.4313999,-1.4296,-1.4278001,-1.4259,-1.4241,-1.4220999,-1.4201,-1.4179,-1.416,-1.4141999,-1.4121,-1.4099,-1.4076999,-1.4054,-1.4033999,-1.401,-1.3986,-1.3958,-1.3936,-1.3907,-1.388,-1.3854001,-1.3825999,-1.3799,-1.3766,-1.3735,-1.3702,-1.3664,-1.3627,-1.3583,-1.3539,-1.34975,-1.34448,-1.33885,-1.3317699,-1.32521,-1.31536,-1.30431,-1.28622,-1.24684,,,,
4.5,-1.449,-1.4474,-1.4457999,-1.4443001,-1.4425,-1.441,-1.4392,-1.4375,-1.4358,-1.4341,-1.4324,-1.4306,-1.4288,-1.4269,-1.4252,-1.4233,-1.4213001,-1.4193,-1.4174,-1.4152,-1.4134001,-1.4112999,-1.409,-1.4067,-1.4044,-1.4023,-1.3999,-1.3976001,-1.3951,-1.3928,-1.3901,-1.3873,-1.3844,-1.3816,-1.3787,-1.3756,-1.3723,-1.3693,-1.3653001,-1.3612,-1.3573,-1.3533,-1.348,-1.34287,-1.3378299,-1.3315001,-1.32298,-1.31498,-1.30164,-1.28391,-1.24216,,,,
5,-1.4483,-1.4467,-1.4453,-1.4435,-1.4419,-1.4403,-1.4385,-1.4367,-1.4349999,-1.4332,-1.4313999,-1.4298,-1.428,-1.4261,-1.4243,-1.4223,-1.4204,-1.4184,-1.4166,-1.4144,-1.4126,-1.4104,-1.4082,-1.406,-1.4037,-1.4015,-1.399,-1.3965,-1.3942,-1.3917,-1.3890001,-1.3863,-1.3836,-1.3805,-1.3779,-1.3748,-1.3713,-1.3678,-1.3644,-1.3601,-1.3564,-1.3521,-1.34756,-1.3424799,-1.33597,-1.3294899,-1.32207,-1.31336,-1.30179,-1.28251,-1.24327,,,,
5.5,-1.4476,-1.4457999,-1.4443001,-1.4427,-1.441,-1.4394,-1.4377,-1.4361,-1.4342,-1.4325,-1.4308,-1.429,-1.4270999,-1.4254,-1.4234999,-1.4216,-1.4197,-1.4177001,-1.4155999,-1.4136,-1.4117,-1.4096,-1.4073,-1.4049,-1.4026999,-1.4005001,-1.3981,-1.3957,-1.3932,-1.3907,-1.388,-1.3853,-1.3825999,-1.3796999,-1.3767,-1.3739001,-1.3704,-1.367,-1.3631999,-1.3595999,-1.3555,-1.351,-1.34638,-1.34075,-1.33507,-1.32838,-1.32117,-1.31229,-1.30022,-1.28078,-1.24718,,,,
6,-1.4468,-1.4452,-1.4436001,-1.442,-1.4403,-1.4387,-1.437,-1.4352,-1.4335001,-1.4318,-1.4299999,-1.4283,-1.4263999,-1.4246,-1.4226,-1.4206001,-1.4187,-1.4168,-1.4148999,-1.4126,-1.4109,-1.4087,-1.4062001,-1.4040999,-1.4018,-1.3997,-1.3972,-1.3945,-1.3923,-1.3897001,-1.387,-1.3846,-1.3819,-1.3787,-1.3758,-1.3726,-1.3691,-1.3661,-1.3622,-1.3587,-1.3542,-1.35004,-1.3447,-1.33999,-1.33386,-1.32701,-1.32008,-1.31054,-1.299,-1.2786,-1.2416199,,,,
6.5,-1.446,-1.4444,-1.4428999,-1.4412,-1.4396,-1.4378999,-1.4362,-1.4345,-1.4326,-1.4308,-1.4292001,-1.4274,-1.4256999,-1.4238,-1.4217,-1.42,-1.4179,-1.4159,-1.414,-1.4121,-1.4099,-1.4076999,-1.4055001,-1.4031,-1.4009,-1.3985,-1.3961,-1.3939,-1.3915,-1.3888,-1.3861001,-1.3836,-1.3805,-1.3778,-1.3747,-1.3714,-1.3681999,-1.3647,-1.3611,-1.3573999,-1.353,-1.34817,-1.3437001,-1.33813,-1.33234,-1.3260601,-1.31927,-1.31028,-1.2990201,-1.27803,-1.23483,,,,
7,-1.4453,-1.4437,-1.4421,-1.4405,-1.4389,-1.4371001,-1.4355,-1.4335999,-1.432,-1.4302,-1.4284,-1.4266,-1.4247,-1.4229,-1.421,-1.4191,-1.4171,-1.4151,-1.4131,-1.411,-1.409,-1.4069,-1.4045,-1.4024,-1.4001,-1.3979,-1.3952,-1.3928,-1.3903,-1.3879,-1.3851,-1.3825999,-1.3795,-1.3764,-1.3737,-1.3703001,-1.3672,-1.3635,-1.3601,-1.3561,-1.3521,-1.34733,-1.3424799,-1.33655,-1.33094,-1.3245699,-1.3173,-1.30836,-1.2964,-1.27729,-1.23245,,,,
7.5,-1.4445,-1.4428999,-1.4413,-1.4397,-1.4381,-1.4364001,-1.4347,-1.4329,-1.4311,-1.4293,-1.4276,-1.4256999,-1.4238,-1.4220999,-1.4201,-1.4182,-1.4162,-1.4141999,-1.4123,-1.4101,-1.4081,-1.4059,-1.4037,-1.4013,-1.3990999,-1.3968,-1.3944,-1.392,-1.3895,-1.3867,-1.3841,-1.3812,-1.3785,-1.3757,-1.3729,-1.3694,-1.3658,-1.3627,-1.3584,-1.3547,-1.3508,-1.3462501,-1.34113,-1.3360699,-1.32929,-1.32374,-1.3162301,-1.30581,-1.29503,-1.27468,-1.23762,,,,
8,-1.4438,-1.4421999,-1.4406,-1.4389,-1.4374,-1.4355,-1.4339,-1.4322,-1.4302,-1.4285001,-1.4267,-1.4249001,-1.4231,-1.4212,-1.4193,-1.4171,-1.4154,-1.4133,-1.4112999,-1.4092,-1.4072,-1.4051,-1.4026,-1.4005001,-1.3979,-1.3959,-1.3933001,-1.3909,-1.3882,-1.3858,-1.383,-1.3803999,-1.3773,-1.3745,-1.3715,-1.368,-1.365,-1.3614,-1.3571,-1.354,-1.34983,-1.34518,-1.3401999,-1.33495,-1.32965,-1.32228,-1.31504,-1.30521,-1.2938401,-1.27581,-1.23953,,,,
8.5,-1.443,-1.4414001,-1.4398,-1.4381,-1.4365,-1.4347,-1.4331,-1.4313,-1.4294,-1.4277,-1.4259,-1.4239,-1.4220999,-1.4204,-1.4184,-1.4165,-1.4145,-1.4126,-1.4104,-1.4083,-1.4062999,-1.4040999,-1.4017,-1.3996,-1.3973,-1.395,-1.3925,-1.3899,-1.3875,-1.3848,-1.382,-1.3792,-1.3763,-1.3732001,-1.3703001,-1.3671,-1.3638,-1.3602999,-1.3565,-1.3522,-1.34872,-1.34385,-1.33883,-1.33351,-1.32687,-1.32077,-1.31326,-1.30357,-1.29067,-1.27429,-1.22849,,,,
9,-1.4421999,-1.4407001,-1.4389,-1.4372,-1.4357001,-1.4339,-1.4322,-1.4304,-1.4287,-1.4269,-1.4252,-1.4232,-1.4213001,-1.4195,-1.4175,-1.4155999,-1.4136,-1.4115,-1.4096,-1.4073,-1.4052,-1.4031,-1.4007,-1.3985,-1.3964,-1.3937,-1.3915,-1.3887,-1.3863,-1.3838,-1.381,-1.3782001,-1.3753,-1.3723,-1.3694,-1.3660001,-1.3624001,-1.3579,-1.3547,-1.3508,-1.34683,-1.34266,-1.33753,-1.33244,-1.3261,-1.31841,-1.30966,-1.3018399,-1.29097,-1.27211,-1.21217,,,,
9.5,-1.4414999,-1.4399,-1.4382,-1.4364001,-1.4348,-1.4331,-1.4313999,-1.4297,-1.4278001,-1.426,-1.4243,-1.4224,-1.4204,-1.4186,-1.4166,-1.4146,-1.4127001,-1.4105999,-1.4086,-1.4065,-1.4045,-1.4022,-1.3997999,-1.3977,-1.3952,-1.3929,-1.3904001,-1.3879,-1.3852,-1.3824,-1.3798,-1.3771,-1.3742,-1.3710999,-1.3678,-1.3649,-1.3616,-1.3579,-1.3538001,-1.35016,-1.34596,-1.34166,-1.33602,-1.33082,-1.3248,-1.31766,-1.31023,-1.3001601,-1.28807,-1.26993,-1.23239,,,,
10,-1.4407001,-1.4391,-1.4374,-1.4356,-1.4341,-1.4323,-1.4306,-1.4288,-1.427,-1.4252,-1.4234,-1.4214,-1.4196,-1.4177999,-1.4157,-1.4138,-1.4117,-1.4097,-1.4076,-1.4055001,-1.4033999,-1.4012001,-1.3987,-1.3967,-1.3943,-1.392,-1.3893,-1.3868999,-1.3842,-1.3817,-1.3787,-1.376,-1.373,-1.3701,-1.3669,-1.3637,-1.3602,-1.3565,-1.3530999,-1.34883,-1.34451,-1.3399301,-1.33453,-1.32996,-1.32363,-1.31596,-1.30765,-1.2991101,-1.28607,-1.2680399,-1.22571,,,,
10.5,-1.4399,-1.4382,-1.4366,-1.4348,-1.4332,-1.4315,-1.4298,-1.428,-1.4261,-1.4243,-1.4225,-1.4205,-1.4187,-1.4168,-1.4148,-1.4127001,-1.4109,-1.4089,-1.4066,-1.4046,-1.4023,-1.4002,-1.3978,-1.3957,-1.393,-1.3909,-1.3882999,-1.3856,-1.3828,-1.3803999,-1.3777,-1.3748,-1.3717999,-1.3688999,-1.3659,-1.3621,-1.3589,-1.3554,-1.3515,-1.3472199,-1.34305,-1.33847,-1.3334399,-1.32792,-1.3218,-1.31485,-1.30591,-1.29725,-1.28523,-1.26639,-1.23555,,,,
11,-1.4391,-1.4373,-1.4357001,-1.4338,-1.4324,-1.4305,-1.4289,-1.4270999,-1.4253,-1.4234,-1.4216,-1.4196,-1.4177001,-1.4157,-1.4139,-1.4119,-1.4099,-1.4079,-1.4058,-1.4036,-1.4016,-1.3992,-1.3968,-1.3945,-1.392,-1.3897001,-1.3871,-1.3849,-1.3819,-1.3793,-1.3764,-1.3734,-1.3707,-1.3677,-1.3644,-1.3609999,-1.3578,-1.3537,-1.35027,-1.34623,-1.34181,-1.3370399,-1.3318,-1.32684,-1.32006,-1.31299,-1.30548,-1.2958,-1.28415,-1.2668999,-1.2271301,,,,
11.5,-1.4383,-1.4366,-1.4349999,-1.4331,-1.4316,-1.4299001,-1.428,-1.4262,-1.4244,-1.4224,-1.4208,-1.4187,-1.4168,-1.415,-1.413,-1.4109,-1.4089,-1.4069,-1.4048001,-1.4026,-1.4005001,-1.3981,-1.3958,-1.3935,-1.391,-1.3887,-1.3861001,-1.3836,-1.3808,-1.378,-1.3751,-1.3724999,-1.3697,-1.3664,-1.3631999,-1.3599,-1.3564,-1.3525,-1.3487,-1.3444099,-1.34014,-1.33544,-1.3304501,-1.3250901,-1.3192101,-1.31075,-1.30335,-1.29265,-1.28313,-1.26642,-1.21779,,,,
12,-1.4375,-1.4358,-1.4341,-1.4323,-1.4306999,-1.429,-1.427,-1.4254,-1.4234999,-1.4217,-1.4197,-1.4179,-1.4159,-1.4141001,-1.4121,-1.4101,-1.4079,-1.4059,-1.4036,-1.4017,-1.3996,-1.3972,-1.3947001,-1.3923,-1.3901,-1.3874,-1.385,-1.3825999,-1.3798,-1.377,-1.3742,-1.3714,-1.3685,-1.3652,-1.3619,-1.3586,-1.355,-1.351,-1.34745,-1.34316,-1.33856,-1.3339601,-1.32883,-1.32364,-1.31717,-1.31112,-1.30221,-1.2931401,-1.28176,-1.26346,-1.22743,,,,
12.5,-1.4366,-1.4349999,-1.4333,-1.4315,-1.4298,-1.4281,-1.4262,-1.4246,-1.4225,-1.4208,-1.4189,-1.4170001,-1.4151,-1.4131,-1.411,-1.4091001,-1.4069999,-1.4051,-1.4026,-1.4006,-1.3983999,-1.3961999,-1.3940001,-1.3913,-1.3889,-1.3864,-1.3839,-1.3813,-1.3787,-1.3758,-1.3729,-1.3699,-1.3671,-1.3636,-1.3606,-1.3571,-1.3536,-1.34956,-1.34596,-1.34174,-1.33708,-1.33243,-1.3273,-1.32231,-1.31533,-1.30856,-1.29914,-1.29111,-1.27853,-1.26315,-1.22742,,,,
13,-1.4359,-1.4341,-1.4324,-1.4306999,-1.429,-1.4273,-1.4254,-1.4236,-1.4217,-1.4198999,-1.4179,-1.416,-1.414,-1.4122,-1.4101,-1.4082,-1.406,-1.404,-1.4018,-1.3997,-1.3972,-1.3947001,-1.3926001,-1.39,-1.3875999,-1.3852,-1.3825999,-1.38,-1.3769,-1.3743,-1.3717,-1.3686,-1.3655,-1.3625,-1.3593,-1.3559,-1.3522,-1.34828,-1.34445,-1.3401099,-1.336,-1.33078,-1.32576,-1.32003,-1.31405,-1.30752,-1.29906,-1.2893,-1.27675,-1.26173,-1.21822,,,,
13.5,-1.4349999,-1.4333,-1.4315,-1.4297,-1.4281,-1.4263,-1.4245,-1.4227,-1.4209,-1.419,-1.4170001,-1.4151,-1.4131,-1.411,-1.4089,-1.4067,-1.4046,-1.4026999,-1.4005001,-1.3983001,-1.3961,-1.3936,-1.3911999,-1.3889,-1.3863,-1.3839999,-1.3812,-1.3785,-1.3758,-1.373,-1.3701,-1.3672,-1.3643,-1.3609999,-1.3578,-1.3543,-1.3505,-1.34693,-1.34295,-1.33903,-1.3348401,-1.32969,-1.32407,-1.31925,-1.31269,-1.30565,-1.2984,-1.28756,-1.27572,-1.2582901,-1.21138,,,,
14,-1.4341,-1.4324,-1.4306999,-1.4289,-1.4272,-1.4255,-1.4234,-1.4216,-1.4197,-1.4177999,-1.4158,-1.4139,-1.4119999,-1.41,-1.4076999,-1.4058,-1.4036,-1.4016,-1.3994,-1.3971,-1.3947001,-1.3924,-1.39,-1.3877,-1.3851,-1.3827,-1.38,-1.3776,-1.3745,-1.3721,-1.369,-1.3663,-1.3628,-1.3595999,-1.3566999,-1.3529,-1.34962,-1.3457,-1.34198,-1.33758,-1.33348,-1.32822,-1.32295,-1.3175,-1.31075,-1.30474,-1.29561,-1.2868299,-1.2729599,-1.25596,-1.21319,,,,
14.5,-1.4329,-1.4312,-1.4295,-1.4279,-1.4261,-1.4243,-1.4224,-1.4205,-1.4184999,-1.4166,-1.4148,-1.4126,-1.4108,-1.4088,-1.4065,-1.4046,-1.4023,-1.4003,-1.3982,-1.396,-1.3935,-1.3911999,-1.3889,-1.3865,-1.3841,-1.3816,-1.3791,-1.3762,-1.3733,-1.3710001,-1.3676,-1.3649,-1.3616,-1.3586,-1.3551,-1.3516001,-1.34846,-1.34463,-1.3405,-1.3364201,-1.33199,-1.32719,-1.3223,-1.31647,-1.30987,-1.30276,-1.29419,-1.28546,-1.27341,-1.2553,-1.2157,,,,
15,-1.432,-1.4302,-1.4285001,-1.4266,-1.425,-1.4231,-1.4212,-1.4193,-1.4175,-1.4155999,-1.4136,-1.4116,-1.4097,-1.4076999,-1.4056,-1.4035,-1.4013,-1.3993,-1.3972,-1.3947999,-1.3922,-1.3902,-1.3879,-1.3853,-1.3829,-1.3803999,-1.3778,-1.3751,-1.3723,-1.3692,-1.3666,-1.3635,-1.3602999,-1.3573999,-1.3539,-1.3507,-1.34738,-1.34324,-1.33955,-1.33523,-1.33047,-1.32583,-1.32022,-1.3142,-1.30817,-1.30138,-1.29383,-1.28452,-1.27166,-1.25401,-1.21371,,,,
15.5,-1.4309,-1.4292001,-1.4274,-1.4256999,-1.424,-1.4222,-1.4203,-1.4183,-1.4164,-1.4145,-1.4126,-1.4105,-1.4086,-1.4067,-1.4045,-1.4024,-1.4003,-1.3982,-1.3959,-1.3937,-1.3914,-1.3891,-1.3867,-1.3842,-1.3817,-1.3792,-1.3765,-1.3738,-1.3712,-1.3681,-1.3655,-1.3625,-1.3592,-1.3562,-1.3528,-1.3496799,-1.34583,-1.34191,-1.3377399,-1.33392,-1.3291399,-1.32416,-1.3184,-1.31362,-1.3071001,-1.29968,-1.29258,-1.28225,-1.27061,-1.25086,-1.21654,,,,
16,-1.4299001,-1.4282,-1.4263999,-1.4245,-1.4229,-1.4211,-1.419,-1.4173,-1.4154,-1.4134001,-1.4114,-1.4095,-1.4076,-1.4055001,-1.4032,-1.4014,-1.3993,-1.3971,-1.3947999,-1.3926001,-1.3902,-1.388,-1.3855,-1.383,-1.3806,-1.378,-1.3753999,-1.3723,-1.3698,-1.367,-1.3641,-1.3609999,-1.3582,-1.3547,-1.3513,-1.34823,-1.34469,-1.34049,-1.33646,-1.33251,-1.32771,-1.32278,-1.3176399,-1.31268,-1.30611,-1.29896,-1.29063,-1.28124,-1.26999,-1.25096,-1.2029999,,,,
