,-0.9,-0.89,-0.88,-0.87,-0.86,-0.85,-0.84,-0.83,-0.82,-0.81,-0.8,-0.79,-0.78,-0.77,-0.76,-0.75,-0.74,-0.73,-0.72,-0.71,-0.7,-0.69,-0.68,-0.67,-0.66,-0.65,-0.64,-0.63,-0.62,-0.61,-0.6,-0.59,-0.58,-0.57,-0.56,-0.55,-0.54,-0.53,-0.52,-0.51,-0.5,-0.49,-0.48,-0.47,-0.46,-0.45,-0.44,-0.43,-0.42,-0.41,-0.4,-0.39,-0.38,-0.37,-0.36,-0.35,-0.34,-0.33,-0.32,-0.31,-0.3,-0.29,-0.28,-0.27,-0.26,-0.25,-0.24,-0.23,-0.22,-0.21,-0.2,-0.19,-0.18,-0.17,-0.16,-0.15,-0.14,-0.13,-0.12,-0.11,-0.1,-0.09,-0.08,-0.07,-0.0600000000000001,-0.05,-0.04,-0.03,-0.02,-0.01,0,0.01,0.02,0.03,0.04,0.05,0.0599999999999999,0.07,0.08,0.09,0.1,0.11,0.12,0.13,0.14,0.15,0.16,0.17,0.18,0.19,0.2,0.21,0.22,0.23,0.24,0.25,0.26,0.27,0.28,0.29,0.3,0.31,0.32,0.33,0.34,0.35,0.36,0.37,0.38,0.39,0.4,0.41,0.42,0.43,0.44,0.45,0.46,0.47,0.48,0.49,0.5,0.51,0.52,0.53,0.54,0.55,0.56,0.57,0.58,0.59,0.6,0.61,0.62,0.63,0.64,0.65,0.66,0.67,0.68,0.69,0.7,0.71,0.72,0.73,0.74,0.75,0.76,0.77,0.78,0.79,0.8,0.81,0.82,0.83,0.84,0.85,0.86,0.87,0.88,0.89,0.9
-0.9,,,,,,,,,,,,,,,,,,,,,,,,,,,,,,,,,,,,,,,,,,,,,,,,,,,,,,,,,,,,,,,,,,,,,,,,,,,,,,,,,,,,,,,,,,,,,,,,,,,,,,,,,,,,,,,,,,,,,,,,,,,,,,,,,,,,,,,,,,,,,,,,,,,,,,,,,,,,,,,,,,,,,,,,,,,,,,,,,,,,,
-0.89,,,,,,,,,,,,,,,,,,,,,,,,,,,,,,,,,,,,,,,,,,,,,,,,,,,,,,,,,,,,,,,,,,,,,,,,,,,,,,,,,,,,,,,,,,,,,,,,,,,,,,,,,,,,,,,,,,,,,,,,,,,,,,,,,,,,,,,,,,,,,,,,,,,,,,,,,,,,,,,,,,,,,,,,,,,,,,,,,,,,,
-0.88,,,,,,,,,,,,,,,,,,,,,,,,,,,,,,,,,,,,,,,,,,,,,,,,,,,,,,,,,,,,,,,,,,,,,,,,,,,,,,,,,,,,,,,,,,,,,,,,,,,,,,,,,,,,,,,,,,,,,,,,,,,,,,,,,,,,,,,,,,,,,,,,,,,,,,,,,,,,,,,,,,,,,,,,,,,,,,,,,,,,,
-0.87,,,,,,,,,,,,,,,,,,,,,,,,,,,,,,,,,,,,,,,,,,,,,,,,,,,,,,,,,,,,,,,,,,,,,,,,,,,,,,,,,,,,,,,,,,,,,,,,,,,,,,,,,,,,,,,,,,,,,,,,,,,,,,,,,,,,,,,,,,,,,,,,,,,,,,,,,,,,,,,,,,,,,,,,,,,,,,,,,,,,,
-0.86,,,,,,,,,,,,,,,,,,,,,,,,,,,,,,,,,,,,,,,,,,,,,,,,,,,,,,,,,,,,,,,,,,,,,,,,,,,,,,,,,,,,,,,,,,,,,,,,,,,,,,,,,,,,,,,,,,,,,,,,,,,,,,,,,,,,,,,,,,,,,,,,,,,,,,,,,,,,,,,,,,,,,,,,,,,,,,,,,,,,,
-0.85,,,,,,,,,,,,,,,,,,,,,,,,,,,,,,,,,,,,,,,,,,,,,,,,,,,,,,,,,,,,,,,,,,,,,,,,,,,,,,,,,,,,,,,,,,,,,,,,,,,,,,,,,,,,,,,,,,,,,,,,,,,,,,,,,,,,,,,,,,,,,,,,,,,,,,,,,,,,,,,,,,,,,,,,,,,,,,,,,,,,,
-0.84,,,,,,,,,,,,,,,,,,,,,,,,,,,,,,,,,,,,,,,,,,,,,,,,,,,,,,,,,,,,,,,,,,,,,,,,,,,,,,,,,,,,,,,,,,,,,,,,,,,,,,,,,,,,,,,,,,,,,,,,,,,,,,,,,,,,,,,,,,,,,,,,,,,,,,,,,,,,,,,,,,,,,,,,,,,,,,,,,,,,,
-0.83,,,,,,,,,,,,,,,,,,,,,,,,,,,,,,,,,,,,,,,,,,,,,,,,,,,,,,,,,,,,,,,,,,,,,,,,,,,,,,,,,,,,,,,,,,,,,,,,,,,,,,,,,,,,,,,,,,,,,,,,,,,,,,,,,,,,,,,,,,,,,,,,,,,,,,,,,,,,,,,,,,,,,,,,,,,,,,,,,,,,,
-0.82,,,,,,,,,,,,,,,,,,,,,,,,,,,,,,,,,,,,,,,,,,,,,,,,,,,,,,,,,,,,,,,,,,,,,,,,,,,,,,,,,,,,,,,,,,,,,,,,,,,,,,,,,,,,,,,,,,,,,,,,,,,,,,,,,,,,,,,,,,,,,,,,,,,,,,,,,,,,,,,,,,,,,,,,,,,,,,,,,,,,,
-0.81,,,,,,,,,,,,,,,,,,,,,,,,,,,,,,,,,,,,,,,,,,,,,,,,,,,,,,,,,,,,,,,,,,,,,,,,,,,,,,,,,,,,,,,,,,,,,,,,,,,,,,,,,,,,,,,,,,,,,,,,,,,,,,,,,,,,,,,,,,,,,,,,,,,,,,,,,,,,,,,,,,,,,,,,,,,,,,,,,,,,,
-0.8,,,,,,,,,,,,,,,,,,,,,,,,,,,,,,,,,,,,,,,,,,,,,,,,,,,,,,,,,,,,,,,,,,,,,,,,,,,,,,,,,,,,,,,,,,,,,,,,,,,,,,,,,,,,,,,,,,,,,,,,,,,,,,,,,,,,,,,,,,,,,,,,,,,,,,,,,,,,,,,,,,,,,,,,,,,,,,,,,,,,,
-0.79,,,,,,,,,,,,,,,,,,,,,,,,,,,,,,,,,,,,,,,,,,,,,,,,,,,,,,,,,,,,,,,,,,,,,,,,,,,,,,,,,,,,,,,,,,,,,,,,,,,,,,,,,,,,,,,,,,,,,,,,,,,,,,,,,,,,,,,,,,,,,,,,,,,,,,,,,,,,,,,,,,,,,,,,,,,,,,,,,,,,,
-0.78,,,,,,,,,,,,,,,,,,,,,,,,,,,,,,,,,,,,,,,,,,,,,,,,,,,,,,,,,,,,,,,,,,,,,,,,,,,,,,,,,,,,,,,,,,,,,,,,,,,,,,,,,,,,,,,,,,,,,,,,,,,,,,,,,,,,,,,,,,,,,,,,,,,,,,,,,,,,,,,,,,,,,,,,,,,,,,,,,,,,,
-0.77,,,,,,,,,,,,,,,,,,,,,,,,,,,,,,,,,,,,,,,,,,,,,,,,,,,,,,,,,,,,,,,,,,,,,,,,,,,,,,,,,,,,,,,,,,,,,,,,,,,,,,,,,,,,,,,,,,,,,,,,,,,,,,,,,,,,,,,,,,,,,,,,,,,,,,,,,,,,,,,,,,,,,,,,,,,,,,,,,,,,,
-0.76,,,,,,,,,,,,,,,,,,,,,,,,,,,,,,,,,,,,,,,,,,,,,,,,,,,,,,,,,,,,,,,,,,,,,,,,,,,,,,,,,,,,,,,,,,,,,,,,,,,,,,,,,,,,,,,,,,,,,,,,,,,,,,,,,,,,,,,,,,,,,,,,,,,,,,,,,,,,,,,,,,,,,,,,,,,,,,,,,,,,,
-0.75,,,,,,,,,,,,,,,,,,,,,,,,,,,,,,,,,,,,,,,,,,,,,,,,,,,,,,,,,,,,,,,,,,,,,,,,,,,,,,,,,,,,,,,,,,,,,,,,,,,,,,,,,,,,,,,,,,,,,,,,,,,,,,,,,,,,,,,,,,,,,,,,,,,,,,,,,,,,,,,,,,,,,,,,,,,,,,,,,,,,,
-0.74,,,,,,,,,,,,,,,,,,,,,,,,,,,,,,,,,,,,,,,,,,,,,,,,,,,,,,,,,,,,,,,,,,,,,,,,,,,,,,,,,,,,,,,,,,,,,,,,,,,,,,,,,,,,,,,,,,,,,,,,,,,,,,,,,,,,,,,,,,,,,,,,,,,,,,,,,,,,,,,,,,,,,,,,,,,,,,,,,,,,,
-0.73,,,,,,,,,,,,,,,,,,,,,,,,,,,,,,,,,,,,,,,,,,,,,,,,,,,,,,,,,,,,,,,,,,,,,,,,,,,,,,,,,,,,,,,,,,,,,,,,,,,,,,,,,,,,,,,,,,,,,,,,,,,,,,,,,,,,,,,,,,,,,,,,,,,,,,,,,,,,,,,,,,,,,,,,,,,,,,,,,,,,,
-0.72,,,,,,,,,,,,,,,,,,,,,,,,,,,,,,,,,,,,,,,,,,,,,,,,,,,,,,,,,,,,,,,,,,,,,,,,,,,,,,,,,,,,,,,,,,,,,,,,,,,,,,,,,,,,,,,,,,,,,,,,,,,,,,,,,,,,,,,,,,,,,,,,,,,,,,,,,,,,,,,,,,,,,,,,,,,,,,,,,,,,,
-0.71,,,,,,,,,,,,,,,,,,,,,,,,,,,,,,,,,,,,,,,,,,,,,,,,,,,,,,,,,,,,,,,,,,,,,,,,,,,,,,,,,,,,,,,,,,,,,,,,,,,,,,,,,,,,,,,,,,,,,,,,,,,,,,,,,,,,,,,,,,,,,,,,,,,,,,,,,,,,,,,,,,,,,,,,,,,,,,,,,,,,,
-0.7,,,,,,,,,,,,,,,,,,,,,,,,14.074496,22.214094,30.271141,38.550335,46.693958,54.68121,62.718121,70.610741,78.557045,86.221474,94.147652,,,,,,,,,,,,,,,,,,,,,,,,,,,,,,,,,,,,,,,,,,,,,,,,,,,,,,,,,,,,,,,,,,,,,,,,,,,,,,,,,,,,,,,,,,,,,,,,,,,,,,,,,,,,,,,,,,,,,,,,,,,,,,,,,,,,,,,,,,,,,,,,,,,
-0.69,,,,,,,,,,,,,,,,,,,,,-16.663759,-8.4362411,-0.11779194,7.8261743,15.939597,23.975168,32.132214,40.232887,48.260403,56.311409,64.08725,71.993286,79.630875,87.510071,95.463089,103.22147,110.99329,,,,,,,,,,,,,,,,,,,,,,,,,,,,,,,,,,,,,,,,,,,,,,,,,,,,,,,,,,,,,,,,,,,,,,,,,,,,,,,,,,,,,,,,,,,,,,,,,,,,,,,,,,,,,,,,,,,,,,,,,,,,,,,,,,,,,,,,,,,,,,,,
-0.68,,,,,,,,,,,,,,,,,,,,-30.932215,-22.876511,-14.60604,-6.4912753,1.6042281,9.705369,17.711409,25.813423,33.867115,41.807381,49.812752,57.700672,65.476509,73.080536,80.919464,88.778526,96.469795,104.18121,111.92618,119.48322,127.02685,,,,,,,,,,,,,,,,,,,,,,,,,,,,,,,,,,,,,,,,,,,,,,,,,,,,,,,,,,,,,,,,,,,,,,,,,,,,,,,,,,,,,,,,,,,,,,,,,,,,,,,,,,,,,,,,,,,,,,,,,,,,,,,,,,,,,,,,,,,,,
-0.67,,,,,,,,,,,,,,,,,,,-44.695301,-37.168457,-29.012081,-20.799999,-12.836242,-4.5706038,3.3568456,11.37651,19.430872,27.424831,35.335571,43.287247,51.088589,58.959061,66.442955,74.234901,82.020134,89.644295,97.302017,104.95973,112.45638,119.9396,127.42953,134.75839,,,,,,,,,,,,,,,,,,,,,,,,,,,,,,,,,,,,,,,,,,,,,,,,,,,,,,,,,,,,,,,,,,,,,,,,,,,,,,,,,,,,,,,,,,,,,,,,,,,,,,,,,,,,,,,,,,,,,,,,,,,,,,,,,,,,,,,,,,,
-0.66,,,,,,,,,,,,,,,,,,-59.027515,-50.919464,-43.301342,-35.163757,-27.002684,-18.96443,-10.904027,-2.8197315,5.004631,13.071812,21.024832,28.883892,36.787918,44.557716,52.310066,59.851006,67.563759,75.281876,82.845634,90.449661,98.040268,105.4698,112.90604,120.27517,127.57718,134.97316,,,,,,,,,,,,,,,,,,,,,,,,,,,,,,,,,,,,,,,,,,,,,,,,,,,,,,,,,,,,,,,,,,,,,,,,,,,,,,,,,,,,,,,,,,,,,,,,,,,,,,,,,,,,,,,,,,,,,,,,,,,,,,,,,,,,,,,,,,
-0.65,,,,,,,,,,,,,,,,,-72.624161,-65.691277,-57.234898,-49.506039,-41.38792,-33.256374,-25.248993,-17.212751,-9.1684561,-1.3471141,6.6181207,14.522819,22.350336,30.202013,37.922817,45.622818,53.136913,60.765102,68.449661,75.946312,83.483223,90.993286,98.389259,105.75168,113.08725,120.30872,127.61074,134.9463,142.1745,,,,,,,,,,,,,,,,,,,,,,,,,,,,,,,,,,,,,,,,,,,,,,,,,,,,,,,,,,,,,,,,,,,,,,,,,,,,,,,,,,,,,,,,,,,,,,,,,,,,,,,,,,,,,,,,,,,,,,,,,,,,,,,,,,,,,,,,
-0.64,,,,,,,,,,,,,,,,,-80.033554,-71.89933,-64.033554,-55.651676,-47.567783,-39.471142,-31.497986,-23.504026,-15.540269,-7.6986575,0.10641611,7.9791946,15.834229,23.65839,31.326174,38.97047,46.451008,54.062416,61.637585,69.067116,76.557045,84.020134,91.335571,98.677849,105.9396,113.08725,120.36242,127.59731,134.76511,141.91275,,,,,,,,,,,,,,,,,,,,,,,,,,,,,,,,,,,,,,,,,,,,,,,,,,,,,,,,,,,,,,,,,,,,,,,,,,,,,,,,,,,,,,,,,,,,,,,,,,,,,,,,,,,,,,,,,,,,,,,,,,,,,,,,,,,,,,,
-0.63,,,,,,,,,,,,,,,,-93.557045,-86.20134,-78.093956,-70.194633,-62.18792,-53.753693,-45.699329,-37.750336,-29.797316,-21.889933,-14.094631,-6.2355704,1.6212752,9.2751675,17.073154,24.708054,32.306713,39.740269,47.304699,54.8349,62.18121,69.617447,77.020134,84.275169,91.577179,98.79866,105.89262,113.09396,120.2953,127.38926,134.46309,141.62416,148.72484,,,,,,,,,,,,,,,,,,,,,,,,,,,,,,,,,,,,,,,,,,,,,,,,,,,,,,,,,,,,,,,,,,,,,,,,,,,,,,,,,,,,,,,,,,,,,,,,,,,,,,,,,,,,,,,,,,,,,,,,,,,,,,,,,,,,,
-0.62,,,,,,,,,,,,,,,-108,-100.05369,-92.422821,-84.355705,-76.395973,-68.436241,-59.955704,-52.008053,-44.070469,-36.1698,-28.311409,-20.565771,-12.765772,-4.9389935,2.635906,10.41812,17.940268,25.555033,32.95369,40.45369,47.943623,55.265102,62.577183,69.932884,77.147652,84.382553,91.563759,98.637581,105.79195,112.91275,119.97315,126.99329,134.06041,141.13423,148.08725,154.9463,,,,,,,,,,,,,,,,,,,,,,,,,,,,,,,,,,,,,,,,,,,,,,,,,,,,,,,,,,,,,,,,,,,,,,,,,,,,,,,,,,,,,,,,,,,,,,,,,,,,,,,,,,,,,,,,,,,,,,,,,,,,,,,,,,,
-0.61,,,,,,,,,,,,,,,-114.36913,-106.44296,-98.590607,-90.536911,-82.536911,-74.597313,-66.577179,-58.180538,-50.353691,-42.478523,-34.677181,-26.980537,-19.224833,-11.522147,-3.8225503,3.7451677,11.406712,18.822147,26.231544,33.677181,41.103355,48.387249,55.665771,62.932884,70.120804,77.308723,84.436241,91.463089,98.570473,105.65771,112.68456,119.66443,126.7047,133.71812,140.60403,147.44295,154.32214,161.08725,,,,,,,,,,,,,,,,,,,,,,,,,,,,,,,,,,,,,,,,,,,,,,,,,,,,,,,,,,,,,,,,,,,,,,,,,,,,,,,,,,,,,,,,,,,,,,,,,,,,,,,,,,,,,,,,,,,,,,,,,,,,,,,,,
-0.6,,,,,,,,,,,,,,-128.83893,-120.77181,-112.87248,-104.79195,-96.785233,-88.731544,-80.832214,-72.859062,-64.919464,-56.638256,-48.855034,-41.09866,-33.459732,-25.762417,-18.091274,-10.504026,-2.845839,4.5891275,12.113422,19.446308,26.840269,34.209396,41.436913,48.685234,55.942284,63.026844,70.167786,77.255035,84.261742,91.315437,98.389259,105.32886,112.31544,119.31544,126.28859,133.14095,139.97316,146.78523,153.55034,160.41611,,,,,,,,,,,,,,,,,,,,,,,,,,,,,,,,,,,,,,,,,,,,,,,,,,,,,,,,,,,,,,,,,,,,,,,,,,,,,,,,,,,,,,,,,,,,,,,,,,,,,,,,,,,,,,,,,,,,,,,,,,,,,,,,
-0.59,,,,,,,,,,,,,,,-127.09396,-119.21477,-110.92618,-102.9396,-94.879196,-87,-79.060402,-71.181206,-63.335571,-55.108055,-47.41745,-39.860401,-32.219463,-24.608725,-17.063759,-9.4926176,-1.9616108,5.3516107,12.736241,20.083221,27.315435,34.583221,41.785236,48.979195,56.070469,63.134228,70.194633,77.161072,84.181206,91.208054,98.147652,105.08725,112.0604,119,125.8255,132.63087,139.43625,146.21477,153,159.8255,,,,,,,,,,,,,,,,,,,,,,,,,,,,,,,,,,,,,,,,,,,,,,,,,,,,,,,,,,,,,,,,,,,,,,,,,,,,,,,,,,,,,,,,,,,,,,,,,,,,,,,,,,,,,,,,,,,,,,,,,,,,,,,
-0.58,,,,,,,,,,,,,,,,-125.56376,-117.10067,-109.15437,-101.0604,-93.214767,-85.315437,-77.476509,-69.684563,-61.89933,-53.832886,-46.267784,-38.73624,-31.142282,-23.660402,-16.142282,-8.6825504,-1.2661074,5.9004698,13.271141,20.547651,27.637585,34.859062,42.005367,49.059059,56.140938,63.107384,70.046982,77.020134,84.026848,90.939598,97.838928,104.78523,111.71812,118.50336,125.34899,132.10738,138.8792,145.67786,152.44966,,,,,,,,,,,,,,,,,,,,,,,,,,,,,,,,,,,,,,,,,,,,,,,,,,,,,,,,,,,,,,,,,,,,,,,,,,,,,,,,,,,,,,,,,,,,,,,,,,,,,,,,,,,,,,,,,,,,,,,,,,,,,,,
-0.57,,,,,,,,,,,,,,,,-131.81879,-123.18792,-115.28188,-107.16779,-99.348991,-91.503357,-83.684563,-75.939598,-68.194633,-60.583893,-52.641609,-45.104027,-37.60067,-30.171141,-22.697987,-15.27047,-7.9134226,-0.66758388,6.5657716,13.789262,20.918121,28.008724,35.121475,42.169128,49.204025,56.183891,63.033558,70.01342,76.98658,83.852348,90.731544,97.664429,104.57718,111.37584,118.16779,124.95302,131.69127,138.49664,145.24832,152.02684,,,,,,,,,,,,,,,,,,,,,,,,,,,,,,,,,,,,,,,,,,,,,,,,,,,,,,,,,,,,,,,,,,,,,,,,,,,,,,,,,,,,,,,,,,,,,,,,,,,,,,,,,,,,,,,,,,,,,,,,,,,,,,
-0.56,,,,,,,,,,,,,,,,,-129.24161,-121.38255,-113.24832,-105.4698,-97.651009,-89.885902,-82.181206,-74.469795,-66.919464,-59.014095,-51.512081,-43.997314,-36.655704,-29.221476,-21.81745,-14.514094,-7.2872481,-9.6073825e-07,7.0751677,14.146309,21.287249,28.28792,35.31879,42.32349,49.26376,56.151009,63.046978,70,76.838928,83.691277,90.597313,97.503357,104.28859,111.0604,117.86577,124.57718,131.38927,138.14095,144.84564,151.75168,,,,,,,,,,,,,,,,,,,,,,,,,,,,,,,,,,,,,,,,,,,,,,,,,,,,,,,,,,,,,,,,,,,,,,,,,,,,,,,,,,,,,,,,,,,,,,,,,,,,,,,,,,,,,,,,,,,,,,,,,,,,,
-0.55,,,,,,,,,,,,,,,,,-135.30873,-127.48993,-119.34229,-111.61074,-103.8255,-96.10067,-88.436241,-80.771812,-73.261742,-65.818794,-57.936913,-50.463089,-43.108727,-35.774498,-28.403357,-21.124161,-13.910738,-6.7859058,0.18889932,7.3590603,14.440269,21.526846,28.438927,35.43557,42.35973,49.217449,56.110737,62.99329,69.81208,76.657715,83.550339,90.436241,97.214767,103.99329,110.7651,117.47651,124.28188,131.0537,137.73154,144.59061,151.33557,,,,,,,,,,,,,,,,,,,,,,,,,,,,,,,,,,,,,,,,,,,,,,,,,,,,,,,,,,,,,,,,,,,,,,,,,,,,,,,,,,,,,,,,,,,,,,,,,,,,,,,,,,,,,,,,,,,,,,,,,,,,
-0.54,,,,,,,,,,,,,,,,,,-133.51007,-125.35571,-117.65771,-109.91946,-102.22147,-94.604027,-86.973152,-79.510071,-72.127518,-64.697983,-56.836243,-49.520134,-42.171814,-34.882549,-27.637585,-20.455706,-13.387919,-6.2671142,0.71288592,7.7557049,14.753692,21.744967,28.64094,35.565773,42.380535,49.271812,56.151009,62.89933,69.778526,76.637581,83.483223,90.268456,97.026848,103.79866,110.51678,117.30872,124.03355,130.73825,137.61073,144.2953,151.01343,,,,,,,,,,,,,,,,,,,,,,,,,,,,,,,,,,,,,,,,,,,,,,,,,,,,,,,,,,,,,,,,,,,,,,,,,,,,,,,,,,,,,,,,,,,,,,,,,,,,,,,,,,,,,,,,,,,,,,,,,,,
-0.53,,,,,,,,,,,,,,,,,,-139.53691,-131.38255,-123.72483,-116.02685,-108.37584,-100.79195,-93.214767,-85.785233,-78.456375,-71.060402,-63.651009,-55.953022,-48.642952,-41.346981,-34.123489,-27.018791,-19.974497,-12.920805,-5.8485904,1.0232886,8.0140944,14.924161,21.853691,28.741611,35.551678,42.408726,49.275841,56.055035,62.845638,69.691277,76.550339,83.288589,90.053688,96.81208,103.55034,110.32215,117.06712,123.77181,130.59061,137.2953,143.97986,150.73825,157.46309,,,,,,,,,,,,,,,,,,,,,,,,,,,,,,,,,,,,,,,,,,,,,,,,,,,,,,,,,,,,,,,,,,,,,,,,,,,,,,,,,,,,,,,,,,,,,,,,,,,,,,,,,,,,,,,,,,,,,,,,,
-0.52,,,,,,,,,,,,,,,,,,,-137.32214,-129.69798,-122.04027,-114.41611,-106.86577,-99.342285,-91.959732,-84.697983,-77.335571,-69.959732,-62.731544,-55.01812,-47.751007,-40.551006,-33.441612,-26.502014,-19.459061,-12.538926,-5.5,1.3588591,8.2630873,15.169127,22.021477,28.804697,35.662415,42.49329,49.271141,56.074497,62.865772,69.697983,76.429527,83.20134,89.959732,96.671143,103.44966,110.18121,116.8859,123.71141,130.42282,137.08725,143.81879,150.52348,157.22148,,,,,,,,,,,,,,,,,,,,,,,,,,,,,,,,,,,,,,,,,,,,,,,,,,,,,,,,,,,,,,,,,,,,,,,,,,,,,,,,,,,,,,,,,,,,,,,,,,,,,,,,,,,,,,,,,,,,,,,,
-0.51,,,,,,,,,,,,,,,,,,,-143.21477,-135.63087,-128.02014,-120.43624,-112.9396,-105.45638,-98.107384,-90.885902,-83.590607,-76.248322,-69.060402,-61.791946,-54.153019,-46.976509,-39.893959,-32.930202,-25.985907,-19.099329,-12.161074,-5.1833558,1.625906,8.5154362,15.35302,22.099329,28.951006,35.753021,42.502686,49.290604,56.112751,62.879196,69.637581,76.375839,83.134232,89.845634,96.630875,103.36242,110.05369,116.85235,123.57718,130.23489,136.9463,143.651,150.31543,157.01343,,,,,,,,,,,,,,,,,,,,,,,,,,,,,,,,,,,,,,,,,,,,,,,,,,,,,,,,,,,,,,,,,,,,,,,,,,,,,,,,,,,,,,,,,,,,,,,,,,,,,,,,,,,,,,,,,,,,,,,
-0.5,,,,,,,,,,,,,,,,,,,-149.12752,-141.58389,-134.01343,-126.48322,-119.01342,-111.59061,-104.28859,-97.120804,-89.859062,-82.557045,-75.422821,-68.181206,-60.99329,-53.416107,-46.371811,-39.444294,-32.471142,-25.681208,-18.778524,-11.887919,-4.9661746,1.8150336,8.6389265,15.402684,22.200001,29.002684,35.728188,42.526173,49.319462,56.110065,62.81208,69.550339,76.288589,83,89.765099,96.483223,103.1745,109.98658,116.69798,123.33557,130.06711,136.75839,143.42953,150.06711,156.83221,,,,,,,,,,,,,,,,,,,,,,,,,,,,,,,,,,,,,,,,,,,,,,,,,,,,,,,,,,,,,,,,,,,,,,,,,,,,,,,,,,,,,,,,,,,,,,,,,,,,,,,,,,,,,,,,,,,,,,
-0.49,,,,,,,,,,,,,,,,,,,,-147.45638,-139.92618,-132.43625,-125.02013,-117.65101,-110.40269,-103.26174,-96.046982,-88.791946,-81.697983,-74.489929,-67.315437,-59.773155,-52.745636,-45.877853,-38.94698,-32.127518,-25.301342,-18.443624,-11.577181,-4.7159061,2.0183892,8.7536917,15.548993,22.336241,29.03557,35.778522,42.615437,49.392616,56.096645,62.785236,69.536911,76.248322,83.006714,89.731544,96.409393,103.20805,109.93288,116.55034,123.28859,129.99329,136.65771,143.28859,150.00671,,,,,,,,,,,,,,,,,,,,,,,,,,,,,,,,,,,,,,,,,,,,,,,,,,,,,,,,,,,,,,,,,,,,,,,,,,,,,,,,,,,,,,,,,,,,,,,,,,,,,,,,,,,,,,,,,,,,,,
-0.48,,,,,,,,,,,,,,,,,,,,,-145.88591,-138.43625,-131.06711,-123.75168,-116.55704,-109.46309,-102.30202,-95.093956,-88.033554,-80.845634,-73.724831,-66.610741,-59.198658,-52.363087,-45.455032,-38.673153,-31.822147,-25.030201,-18.204027,-11.404027,-4.5637584,2.0657046,8.87047,15.634228,22.326845,29.095974,35.795303,42.626846,49.326176,56.04631,62.751678,69.456375,76.18792,82.91275,89.583893,96.389259,103.10738,109.73154,116.44966,123.14765,129.83221,136.44966,143.14095,149.93959,,,,,,,,,,,,,,,,,,,,,,,,,,,,,,,,,,,,,,,,,,,,,,,,,,,,,,,,,,,,,,,,,,,,,,,,,,,,,,,,,,,,,,,,,,,,,,,,,,,,,,,,,,,,,,,,,,,,,
-0.47,,,,,,,,,,,,,,,,,,,,,,-144.36913,-137.0537,-129.78523,-122.63758,-115.60403,-108.4698,-101.30202,-94.288589,-87.140938,-80.060402,-72.973152,-66.006714,-58.777851,-51.898659,-45.143623,-38.330872,-31.519463,-24.738926,-17.97047,-11.192617,-4.4595304,2.2459061,9.0087252,15.675168,22.427517,29.202684,35.911411,42.653019,49.372482,56.083221,62.724831,69.483223,76.181206,82.852348,89.644295,96.355705,102.99329,109.69798,116.40939,123.07382,129.71812,136.40268,143.13423,149.81879,,,,,,,,,,,,,,,,,,,,,,,,,,,,,,,,,,,,,,,,,,,,,,,,,,,,,,,,,,,,,,,,,,,,,,,,,,,,,,,,,,,,,,,,,,,,,,,,,,,,,,,,,,,,,,,,,,,,
-0.46,,,,,,,,,,,,,,,,,,,,,,,-143.08725,-135.8792,-128.77852,-121.79195,-114.71812,-107.59061,-100.61745,-93.483223,-86.442955,-79.369125,-72.463089,-65.657715,-58.40134,-51.661076,-44.861073,-38.081879,-31.281879,-24.560402,-17.79933,-11.134899,-4.341074,2.3140268,9.020134,15.74698,22.48859,29.242281,35.886578,42.636913,49.349663,56.030872,62.718121,69.429527,76.10067,82.879196,89.590607,96.221474,102.91946,109.61745,116.28188,122.91275,129.60403,136.3557,142.98657,149.73825,,,,,,,,,,,,,,,,,,,,,,,,,,,,,,,,,,,,,,,,,,,,,,,,,,,,,,,,,,,,,,,,,,,,,,,,,,,,,,,,,,,,,,,,,,,,,,,,,,,,,,,,,,,,,,,,,,,
-0.45,,,,,,,,,,,,,,,,,,,,,,,,,-134.8792,-127.93288,-120.89933,-113.80537,-106.89262,-99.778526,-92.771812,-85.711411,-78.8255,-72.093956,-65.255035,-58.117451,-51.338924,-44.581207,-37.792618,-31.049664,-24.35302,-17.684565,-10.971812,-4.2038927,2.4014766,9.1208057,15.842282,22.595303,29.269127,35.927517,42.685905,49.361744,56.085236,62.738255,69.395973,76.167786,82.879196,89.503357,96.221474,102.90604,109.57047,116.19463,122.90604,129.61073,136.24832,142.97986,149.71812,,,,,,,,,,,,,,,,,,,,,,,,,,,,,,,,,,,,,,,,,,,,,,,,,,,,,,,,,,,,,,,,,,,,,,,,,,,,,,,,,,,,,,,,,,,,,,,,,,,,,,,,,,,,,,,,,,
-0.44,,,,,,,,,,,,,,,,,,,,,,,,,,-134.10068,-127.10067,-120.04698,-113.16779,-106.06712,-99.107384,-92.067116,-85.214767,-78.489929,-71.704697,-65,-57.832886,-51.086578,-44.315437,-37.576511,-30.837584,-24.233557,-17.528189,-10.838926,-4.1241612,2.5044966,9.2228184,15.9651,22.627518,29.316107,35.979866,42.708725,49.415436,56.123489,62.711411,69.496643,76.208054,82.791946,89.543625,96.208054,102.8859,109.51678,116.20134,122.91275,129.55034,136.27516,142.97316,149.66443,,,,,,,,,,,,,,,,,,,,,,,,,,,,,,,,,,,,,,,,,,,,,,,,,,,,,,,,,,,,,,,,,,,,,,,,,,,,,,,,,,,,,,,,,,,,,,,,,,,,,,,,,,,,,,,,,
-0.43,,,,,,,,,,,,,,,,,,,,,,,,,,,-133.37584,-126.36913,-119.51007,-112.44966,-105.51678,-98.476509,-91.657715,-84.973152,-78.194633,-71.536911,-64.778526,-57.649666,-50.879196,-44.174496,-37.449665,-30.800671,-24.14094,-17.468456,-10.832214,-4.0904698,2.5244296,9.2778521,15.931543,22.612751,29.318121,35.979866,42.718792,49.397316,56.045639,62.744965,69.476509,76.067116,82.805367,89.476509,96.140938,102.7651,109.46309,116.19463,122.79866,129.51678,136.18791,142.85236,149.57718,,,,,,,,,,,,,,,,,,,,,,,,,,,,,,,,,,,,,,,,,,,,,,,,,,,,,,,,,,,,,,,,,,,,,,,,,,,,,,,,,,,,,,,,,,,,,,,,,,,,,,,,,,,,,,,,
-0.42,,,,,,,,,,,,,,,,,,,,,,,,,,,-139.61073,-132.63759,-125.8255,-118.77181,-111.8792,-104.84563,-98.046982,-91.402687,-84.637581,-78,-71.275169,-64.570473,-57.404697,-50.695972,-43.975166,-37.353691,-30.662416,-24.047651,-17.419462,-10.730872,-4.0185905,2.6305368,9.3100672,15.995302,22.677181,29.383892,36.037582,42.75235,49.409397,56.134899,62.80537,69.422821,76.127518,82.79866,89.463089,96.093956,102.77853,109.51678,116.13423,122.8255,129.5302,136.16107,142.83893,149.55705,,,,,,,,,,,,,,,,,,,,,,,,,,,,,,,,,,,,,,,,,,,,,,,,,,,,,,,,,,,,,,,,,,,,,,,,,,,,,,,,,,,,,,,,,,,,,,,,,,,,,,,,,,,,,,,
-0.41,,,,,,,,,,,,,,,,,,,,,,,,,,,,-138.99329,-132.20134,-125.1745,-118.30872,-111.2953,-104.5302,-97.89933,-91.154366,-84.516777,-77.8255,-71.134232,-64.389259,-57.261074,-50.558388,-43.940269,-37.276508,-30.628187,-24.056376,-17.383892,-10.708054,-3.9720805,2.6118121,9.287919,15.991946,22.667114,29.375839,36.007381,42.700672,49.444965,56.135571,62.697987,69.402687,76.073822,82.744965,89.369125,96.060402,102.80537,109.40269,116.07382,122.74496,129.40939,136.10068,142.79866,149.48993,,,,,,,,,,,,,,,,,,,,,,,,,,,,,,,,,,,,,,,,,,,,,,,,,,,,,,,,,,,,,,,,,,,,,,,,,,,,,,,,,,,,,,,,,,,,,,,,,,,,,,,,,,,,,,
-0.4,,,,,,,,,,,,,,,,,,,,,,,,,,,,,-138.53691,-131.5302,-124.69128,-117.67114,-110.9396,-104.32886,-97.610741,-90.993286,-84.322151,-77.630875,-70.89933,-64.194633,-57.092617,-50.483894,-43.81678,-37.183891,-30.555704,-23.955706,-17.307383,-10.603355,-3.9161074,2.6790605,9.387248,16.067114,22.742952,29.408726,36.034901,42.803356,49.478523,56.086578,62.771812,69.442955,76.093956,82.718124,89.389259,96.114098,102.75168,109.41611,116.1208,122.73154,129.41611,136.11409,142.7718,149.55034,,,,,,,,,,,,,,,,,,,,,,,,,,,,,,,,,,,,,,,,,,,,,,,,,,,,,,,,,,,,,,,,,,,,,,,,,,,,,,,,,,,,,,,,,,,,,,,,,,,,,,,,,,,,,
-0.39,,,,,,,,,,,,,,,,,,,,,,,,,,,,,,-137.96645,-131.13423,-124.13423,-117.40939,-110.83221,-104.14094,-97.530205,-90.872482,-84.194633,-77.483223,-70.771812,-64.093956,-57.07584,-50.437584,-43.799999,-37.189262,-30.548994,-23.944296,-17.264429,-10.636242,-3.9321477,2.6787248,9.3724833,16.051006,22.714094,29.378523,36.052349,42.776508,49.390606,56.09866,62.704697,69.389259,75.993286,82.684563,89.402687,96.020134,102.69798,109.38926,116.01342,122.67785,129.37584,136.03355,142.78523,149.50336,,,,,,,,,,,,,,,,,,,,,,,,,,,,,,,,,,,,,,,,,,,,,,,,,,,,,,,,,,,,,,,,,,,,,,,,,,,,,,,,,,,,,,,,,,,,,,,,,,,,,,,,,,,,
-0.38,,,,,,,,,,,,,,,,,,,,,,,,,,,,,,,-137.5302,-130.52348,-123.83221,-117.27517,-110.60403,-104,-97.355705,-90.697983,-83.993286,-77.315437,-70.624161,-64.020134,-56.975166,-50.34631,-43.748322,-37.117451,-30.499329,-23.87047,-17.240269,-10.587248,-3.8554363,2.7475169,9.4335575,16.096643,22.755033,29.467785,36.111408,42.753021,49.472485,56.132214,62.731544,69.362419,76.053688,82.758392,89.389259,96.053688,102.75839,109.35571,116.04027,122.7047,129.38927,136.1208,142.79195,,,,,,,,,,,,,,,,,,,,,,,,,,,,,,,,,,,,,,,,,,,,,,,,,,,,,,,,,,,,,,,,,,,,,,,,,,,,,,,,,,,,,,,,,,,,,,,,,,,,,,,,,,,,
-0.37,,,,,,,,,,,,,,,,,,,,,,,,,,,,,,,,,-130.28188,-123.72483,-117.07382,-110.48993,-103.85906,-97.18792,-90.516777,-83.81208,-77.154366,-70.557045,-63.919464,-56.900673,-50.313423,-43.69463,-37.070469,-30.395302,-23.836241,-17.181208,-10.510067,-3.7904699,2.7791946,9.4872484,16.122818,22.820805,29.515436,36.08926,42.8349,49.497986,56.161076,62.711411,69.409393,76.127518,82.731544,89.409393,96.107384,102.72483,109.38926,116.10067,122.74496,129.44966,136.15436,142.78523,,,,,,,,,,,,,,,,,,,,,,,,,,,,,,,,,,,,,,,,,,,,,,,,,,,,,,,,,,,,,,,,,,,,,,,,,,,,,,,,,,,,,,,,,,,,,,,,,,,,,,,,,,,
-0.36,,,,,,,,,,,,,,,,,,,,,,,,,,,,,,,,,,-130.2282,-123.61745,-117.01342,-110.40939,-103.75839,-97.080536,-90.402687,-83.744965,-77.167786,-70.543625,-63.926174,-56.927517,-50.315437,-43.716778,-37.05302,-30.437584,-23.848993,-17.18255,-10.514094,-3.8222818,2.7896645,9.4496641,16.148993,22.813423,29.428188,36.102684,42.822819,49.47718,56.055706,62.711411,69.429527,76.026848,82.744965,89.422821,96.020134,102.69128,109.38255,116.04698,122.77181,129.44295,136.06041,142.75168,,,,,,,,,,,,,,,,,,,,,,,,,,,,,,,,,,,,,,,,,,,,,,,,,,,,,,,,,,,,,,,,,,,,,,,,,,,,,,,,,,,,,,,,,,,,,,,,,,,,,,,,,,
-0.35,,,,,,,,,,,,,,,,,,,,,,,,,,,,,,,,,,,-130.07382,-123.50336,-116.90604,-110.27517,-103.59061,-96.91275,-90.281876,-83.704697,-77.08725,-70.483223,-63.89933,-56.90134,-50.281208,-43.636913,-37.016777,-30.38859,-23.763758,-17.1,-10.442953,-3.7508724,2.8299329,9.5577183,16.218792,22.816107,29.528858,36.163086,42.863087,49.430202,56.151009,62.81208,69.409393,76.080536,82.765099,89.382553,96.060402,102.77853,109.40269,116.1141,122.79195,129.40268,136.07382,142.80537,,,,,,,,,,,,,,,,,,,,,,,,,,,,,,,,,,,,,,,,,,,,,,,,,,,,,,,,,,,,,,,,,,,,,,,,,,,,,,,,,,,,,,,,,,,,,,,,,,,,,,,,,
-0.34,,,,,,,,,,,,,,,,,,,,,,,,,,,,,,,,,,,,-130.04698,-123.47651,-116.84563,-110.16779,-103.48993,-96.865768,-90.302017,-83.704697,-77.114098,-70.536911,-63.939598,-56.929531,-50.286575,-43.685905,-37.041611,-30.37047,-23.773155,-17.116108,-10.467785,-3.7932887,2.857584,9.5288591,16.140268,22.846979,29.516108,36.149666,42.742283,49.475166,56.136913,62.731544,69.402687,76.093956,82.677849,89.369125,96.046982,102.71812,109.41611,116.07382,122.69128,129.3557,136.04027,,,,,,,,,,,,,,,,,,,,,,,,,,,,,,,,,,,,,,,,,,,,,,,,,,,,,,,,,,,,,,,,,,,,,,,,,,,,,,,,,,,,,,,,,,,,,,,,,,,,,,,,,
-0.33,,,,,,,,,,,,,,,,,,,,,,,,,,,,,,,,,,,,,-129.97986,-123.33557,-116.67785,-110.01342,-103.39597,-96.845634,-90.255035,-83.677849,-77.093956,-70.543625,-63.926174,-56.888592,-50.259731,-43.621475,-36.95369,-30.328188,-23.706711,-17.069128,-10.453691,-3.7057719,2.8919463,9.5161076,16.235571,22.896645,29.581207,36.092617,42.838924,49.524162,56.126175,62.765102,69.436241,76.046982,82.731544,89.416107,96.08725,102.79195,109.44966,116.0604,122.72483,129.40939,136.14095,142.79195,,,,,,,,,,,,,,,,,,,,,,,,,,,,,,,,,,,,,,,,,,,,,,,,,,,,,,,,,,,,,,,,,,,,,,,,,,,,,,,,,,,,,,,,,,,,,,,,,,,,,,,
-0.32,,,,,,,,,,,,,,,,,,,,,,,,,,,,,,,,,,,,,,-129.93289,-123.26174,-116.59731,-109.97987,-103.43624,-96.865768,-90.295303,-83.718124,-77.167786,-70.570473,-63.946308,-56.912079,-50.279865,-43.604027,-36.985233,-30.318792,-23.721476,-17.116779,-10.416779,-3.7294631,2.8322818,9.5651007,16.228188,22.903357,29.462416,36.122147,42.828857,49.436241,56.123489,62.758389,69.355705,76.033554,82.718124,89.375839,96.093956,102.73154,109.35571,116.03355,122.7047,129.40939,136.00671,142.77852,,,,,,,,,,,,,,,,,,,,,,,,,,,,,,,,,,,,,,,,,,,,,,,,,,,,,,,,,,,,,,,,,,,,,,,,,,,,,,,,,,,,,,,,,,,,,,,,,,,,,,
-0.31,,,,,,,,,,,,,,,,,,,,,,,,,,,,,,,,,,,,,,,-129.78523,-123.12752,-116.51678,-109.97987,-103.40939,-96.852348,-90.288589,-83.751678,-77.154366,-70.543625,-63.932884,-56.874496,-50.218792,-43.584564,-36.932217,-30.291946,-23.726845,-17.02416,-10.369799,-3.7220135,2.9163759,9.5973158,16.266443,22.834229,29.546309,36.185234,42.818119,49.503357,56.179867,62.724831,69.389259,76.080536,82.724831,89.429527,96.10067,102.71812,109.38255,116.07382,122.75839,129.38927,136.09396,142.81209,,,,,,,,,,,,,,,,,,,,,,,,,,,,,,,,,,,,,,,,,,,,,,,,,,,,,,,,,,,,,,,,,,,,,,,,,,,,,,,,,,,,,,,,,,,,,,,,,,,,,
-0.3,,,,,,,,,,,,,,,,,,,,,,,,,,,,,,,,,,,,,,,,-129.65771,-123.04698,-116.5302,-109.96645,-103.40939,-96.865768,-90.322151,-83.744965,-77.127518,-70.516777,-63.892616,-56.781208,-50.164429,-43.514095,-36.883892,-30.284563,-23.635571,-16.971142,-10.367785,-3.6366444,2.9707382,9.6624165,16.224833,22.933558,29.627518,36.169128,42.873825,49.538254,56.157047,62.765102,69.456375,76.114098,82.785233,89.469795,96.114098,102.75839,109.44296,116.12752,122.74496,129.45638,136.14764,142.81879,,,,,,,,,,,,,,,,,,,,,,,,,,,,,,,,,,,,,,,,,,,,,,,,,,,,,,,,,,,,,,,,,,,,,,,,,,,,,,,,,,,,,,,,,,,,,,,,,,,,
-0.29,,,,,,,,,,,,,,,,,,,,,,,,,,,,,,,,,,,,,,,,,-129.65771,-123.12752,-116.58389,-110.02685,-103.50336,-96.966446,-90.402687,-83.785233,-77.1745,-70.543625,-63.872482,-56.830872,-50.191277,-43.559731,-36.952351,-30.279865,-23.675167,-17.02416,-10.35906,-3.6427517,2.9558389,9.5422821,16.244967,22.920134,29.528189,36.153019,42.861073,49.449665,56.126175,62.738255,69.395973,76.114098,82.778526,89.389259,96.073822,102.73826,109.41611,116.05369,122.74496,129.43625,136.07382,142.79866,,,,,,,,,,,,,,,,,,,,,,,,,,,,,,,,,,,,,,,,,,,,,,,,,,,,,,,,,,,,,,,,,,,,,,,,,,,,,,,,,,,,,,,,,,,,,,,,,,,
-0.28,,,,,,,,,,,,,,,,,,,,,,,,,,,,,,,,,,,,,,,,,,-129.67114,-123.14094,-116.59731,-110.06712,-103.54362,-97.006714,-90.362419,-83.765099,-77.154366,-70.469795,-63.859062,-56.788589,-50.161743,-43.557049,-36.877182,-30.230873,-23.634899,-16.962416,-10.296644,-3.5923491,2.9121478,9.6442957,16.316778,22.891275,29.569128,36.206039,42.824833,49.497314,56.171143,62.798656,69.476509,76.140938,82.785233,89.442955,96.120804,102.79195,109.39597,116.09396,122.79195,129.42953,136.10738,,,,,,,,,,,,,,,,,,,,,,,,,,,,,,,,,,,,,,,,,,,,,,,,,,,,,,,,,,,,,,,,,,,,,,,,,,,,,,,,,,,,,,,,,,,,,,,,,,,
-0.27,,,,,,,,,,,,,,,,,,,,,,,,,,,,,,,,,,,,,,,,,,,,-123.21477,-116.69128,-110.1745,-103.62416,-97.026848,-90.416107,-83.805367,-77.134232,-70.523491,-63.859062,-56.812752,-50.204697,-43.549664,-36.890606,-30.265772,-23.636242,-16.97584,-10.29396,-3.6944296,2.9397316,9.6315432,16.2349,22.890604,29.575838,36.121475,42.81879,49.50671,56.173153,62.791946,69.456375,76.093956,82.731544,89.409393,96.073822,102.69798,109.40269,116.1141,122.71812,129.40939,136.13423,,,,,,,,,,,,,,,,,,,,,,,,,,,,,,,,,,,,,,,,,,,,,,,,,,,,,,,,,,,,,,,,,,,,,,,,,,,,,,,,,,,,,,,,,,,,,,,,,,
-0.26,,,,,,,,,,,,,,,,,,,,,,,,,,,,,,,,,,,,,,,,,,,,,-123.26174,-116.75168,-110.20805,-103.61074,-97.006714,-90.389259,-83.738258,-77.127518,-70.483223,-63.81879,-56.806713,-50.141609,-43.500671,-36.871811,-30.195303,-23.565771,-16.901342,-10.339598,-3.5889933,3.0051007,9.6208057,16.287249,22.949665,29.562416,36.18792,42.863758,49.565773,56.208725,62.845638,69.463089,76.120804,82.785233,89.449661,96.127518,102.79195,109.47651,116.08054,122.77181,129.51007,136.1745,,,,,,,,,,,,,,,,,,,,,,,,,,,,,,,,,,,,,,,,,,,,,,,,,,,,,,,,,,,,,,,,,,,,,,,,,,,,,,,,,,,,,,,,,,,,,,,,,
-0.25,,,,,,,,,,,,,,,,,,,,,,,,,,,,,,,,,,,,,,,,,,,,,,-123.39597,-116.84563,-110.26846,-103.67114,-97.046982,-90.389259,-83.791946,-77.140938,-70.496643,-63.879196,-56.818119,-50.157047,-43.544296,-36.868458,-30.197315,-23.577852,-17.020134,-10.307383,-3.6053691,2.9259732,9.6080542,16.288591,22.860403,29.548994,36.159061,42.889935,49.526844,56.183891,62.765102,69.429527,76.093956,82.771812,89.409393,96.073822,102.79195,109.37584,116.08725,122.77181,129.43625,,,,,,,,,,,,,,,,,,,,,,,,,,,,,,,,,,,,,,,,,,,,,,,,,,,,,,,,,,,,,,,,,,,,,,,,,,,,,,,,,,,,,,,,,,,,,,,,,
-0.24,,,,,,,,,,,,,,,,,,,,,,,,,,,,,,,,,,,,,,,,,,,,,,,-123.42953,-116.84563,-110.26174,-103.65101,-96.966446,-90.395973,-83.751678,-77.10067,-70.496643,-63.845638,-56.793961,-50.15369,-43.475166,-36.791275,-30.124161,-23.616108,-16.916107,-10.2651,-3.6408725,2.9753692,9.6510067,16.248993,22.911409,29.583893,36.212082,42.897987,49.560402,56.172482,62.80537,69.463089,76.134232,82.791946,89.456375,96.140938,102.7651,109.44296,116.14094,122.79866,129.51678,,,,,,,,,,,,,,,,,,,,,,,,,,,,,,,,,,,,,,,,,,,,,,,,,,,,,,,,,,,,,,,,,,,,,,,,,,,,,,,,,,,,,,,,,,,,,,,,
-0.23,,,,,,,,,,,,,,,,,,,,,,,,,,,,,,,,,,,,,,,,,,,,,,,,-123.44966,-116.84563,-110.2349,-103.55704,-96.979866,-90.348991,-83.718124,-77.114098,-70.463089,-63.81208,-56.757046,-50.096645,-43.408054,-36.748322,-30.166443,-23.52953,-16.859732,-10.298657,-3.595906,3.0066442,9.6234903,16.291275,22.968456,29.661074,36.246307,42.940941,49.572483,56.216778,62.845638,69.503357,76.140938,82.845634,89.503357,96.120804,102.8255,109.50336,116.15437,122.8792,129.57718,,,,,,,,,,,,,,,,,,,,,,,,,,,,,,,,,,,,,,,,,,,,,,,,,,,,,,,,,,,,,,,,,,,,,,,,,,,,,,,,,,,,,,,,,,,,,,,
-0.22,,,,,,,,,,,,,,,,,,,,,,,,,,,,,,,,,,,,,,,,,,,,,,,,,-123.50336,-116.8859,-110.21477,-103.64429,-97.026848,-90.375839,-83.765099,-77.140938,-70.489929,-63.852348,-56.764431,-50.085907,-43.423489,-36.861744,-30.168457,-23.559732,-16.965773,-10.319463,-3.6226845,2.8985236,9.6114092,16.262417,22.958389,29.602684,36.213425,42.847652,49.508053,56.196644,62.798656,69.436241,76.134232,82.81208,89.422821,96.107384,102.80537,109.4698,116.14094,122.85906,129.50336,,,,,,,,,,,,,,,,,,,,,,,,,,,,,,,,,,,,,,,,,,,,,,,,,,,,,,,,,,,,,,,,,,,,,,,,,,,,,,,,,,,,,,,,,,,,,,
-0.21,,,,,,,,,,,,,,,,,,,,,,,,,,,,,,,,,,,,,,,,,,,,,,,,,,-123.47651,-116.80537,-110.25504,-103.61745,-96.979866,-90.375839,-83.738258,-77.107384,-70.469795,-63.785236,-56.693958,-50.024162,-43.441612,-36.76376,-30.097986,-23.591274,-16.926174,-10.255033,-3.6181209,2.9706712,9.6489935,16.331543,22.985907,29.631544,36.197315,42.89933,49.561745,56.220806,62.81879,69.510071,76.1745,82.81208,89.496643,96.167786,102.79866,109.49664,116.20805,122.84563,129.53691,136.15436,,,,,,,,,,,,,,,,,,,,,,,,,,,,,,,,,,,,,,,,,,,,,,,,,,,,,,,,,,,,,,,,,,,,,,,,,,,,,,,,,,,,,,,,,,,,
-0.2,,,,,,,,,,,,,,,,,,,,,,,,,,,,,,,,,,,,,,,,,,,,,,,,,,,-123.46309,-116.91275,-110.28188,-103.64429,-97.033554,-90.402687,-83.785233,-77.140938,-70.463089,-63.758389,-56.693958,-50.115437,-43.432217,-36.767784,-30.204699,-23.595303,-16.922148,-10.342282,-3.6392617,2.9425504,9.6583891,16.291946,22.938927,29.555704,36.185234,42.877182,49.536243,56.17651,62.81208,69.483223,76.114098,82.79866,89.469795,96.127518,102.79866,109.51678,116.15437,122.79195,129.41611,136.20134,,,,,,,,,,,,,,,,,,,,,,,,,,,,,,,,,,,,,,,,,,,,,,,,,,,,,,,,,,,,,,,,,,,,,,,,,,,,,,,,,,,,,,,,,,,
-0.19,,,,,,,,,,,,,,,,,,,,,,,,,,,,,,,,,,,,,,,,,,,,,,,,,,,,-123.49664,-116.87248,-110.26174,-103.63758,-97.020134,-90.395973,-83.751678,-77.093956,-70.395973,-63.718121,-56.701344,-50.034901,-43.379196,-36.825504,-30.171141,-23.550335,-16.948322,-10.306711,-3.6053021,3.0084565,9.6483221,16.318121,22.934898,29.606041,36.216106,42.905369,49.536911,56.210739,62.852348,69.483223,76.147652,82.838928,89.503357,96.161072,102.87248,109.49664,116.16107,122.75839,129.51678,136.16107,,,,,,,,,,,,,,,,,,,,,,,,,,,,,,,,,,,,,,,,,,,,,,,,,,,,,,,,,,,,,,,,,,,,,,,,,,,,,,,,,,,,,,,,,,
-0.18,,,,,,,,,,,,,,,,,,,,,,,,,,,,,,,,,,,,,,,,,,,,,,,,,,,,,,-116.87248,-110.2349,-103.63087,-96.993286,-90.369125,-83.691277,-77,-70.355705,-63.731544,-56.653019,-49.999329,-43.430874,-36.773155,-30.122149,-23.561745,-16.908726,-10.249664,-3.5520134,3.0167785,9.7046976,16.303356,22.955034,29.644295,36.244297,42.908054,49.593288,56.25235,62.845638,69.510071,76.214767,82.859062,89.543625,96.234901,102.84563,109.52349,116.09396,122.86577,129.49664,,,,,,,,,,,,,,,,,,,,,,,,,,,,,,,,,,,,,,,,,,,,,,,,,,,,,,,,,,,,,,,,,,,,,,,,,,,,,,,,,,,,,,,,,,
-0.17,,,,,,,,,,,,,,,,,,,,,,,,,,,,,,,,,,,,,,,,,,,,,,,,,,,,,,,-116.89933,-110.30202,-103.67785,-97.053688,-90.389259,-83.684563,-77.033554,-70.422821,-63.744965,-56.680538,-50.111408,-43.455704,-36.808052,-30.206711,-23.602684,-16.930872,-10.273154,-3.602416,2.9862416,9.6154366,16.284563,22.950336,29.622149,36.177181,42.897316,49.57114,56.203354,62.81208,69.516777,76.140938,82.8255,89.523491,96.140938,102.81208,109.40939,116.16107,122.75839,129.49664,,,,,,,,,,,,,,,,,,,,,,,,,,,,,,,,,,,,,,,,,,,,,,,,,,,,,,,,,,,,,,,,,,,,,,,,,,,,,,,,,,,,,,,,,
-0.16,,,,,,,,,,,,,,,,,,,,,,,,,,,,,,,,,,,,,,,,,,,,,,,,,,,,,,,,-116.91275,-110.28859,-103.64429,-96.973152,-90.275169,-83.644295,-77.020134,-70.348991,-63.711411,-56.706039,-50.071812,-43.421478,-36.827518,-30.17651,-23.560402,-16.883221,-10.265772,-3.5602014,2.9787247,9.6456375,16.315435,22.965101,29.608053,36.244297,42.952351,49.554363,56.228859,62.892616,69.503357,76.18792,82.872482,89.510071,96.20134,102.77853,109.50336,116.12752,122.83893,,,,,,,,,,,,,,,,,,,,,,,,,,,,,,,,,,,,,,,,,,,,,,,,,,,,,,,,,,,,,,,,,,,,,,,,,,,,,,,,,,,,,,,,,
-0.15,,,,,,,,,,,,,,,,,,,,,,,,,,,,,,,,,,,,,,,,,,,,,,,,,,,,,,,,,-116.95302,-110.32215,-103.65101,-96.966446,-90.322151,-83.697983,-77.033554,-70.402687,-63.81208,-56.757717,-50.104027,-43.499329,-36.852348,-30.189934,-23.579866,-16.932886,-10.273154,-3.6408055,2.9431543,9.6389265,16.299999,22.910067,29.595303,36.212753,42.870468,49.543625,56.216778,62.825504,69.510071,76.181206,82.791946,89.476509,96.053688,102.81879,109.44296,116.14094,122.84563,,,,,,,,,,,,,,,,,,,,,,,,,,,,,,,,,,,,,,,,,,,,,,,,,,,,,,,,,,,,,,,,,,,,,,,,,,,,,,,,,,,,,,,,
-0.14,,,,,,,,,,,,,,,,,,,,,,,,,,,,,,,,,,,,,,,,,,,,,,,,,,,,,,,,,,,-110.25504,-103.56376,-96.919464,-90.315437,-83.637581,-77,-70.422821,-63.785236,-56.708725,-50.118122,-43.459061,-36.803356,-30.152349,-23.568457,-16.904697,-10.289933,-3.6101341,2.9904027,9.6973152,16.302685,22.948994,29.642282,36.214764,42.91074,49.625504,56.212753,62.865772,69.536911,76.181206,82.865768,89.456375,96.194633,102.77853,109.48993,116.16779,122.93288,,,,,,,,,,,,,,,,,,,,,,,,,,,,,,,,,,,,,,,,,,,,,,,,,,,,,,,,,,,,,,,,,,,,,,,,,,,,,,,,,,,,,,,
-0.13,,,,,,,,,,,,,,,,,,,,,,,,,,,,,,,,,,,,,,,,,,,,,,,,,,,,,,,,,,,-116.93288,-110.22819,-103.59731,-96.973152,-90.328857,-83.691277,-77.093956,-70.469795,-63.81208,-56.806042,-50.15369,-43.475838,-36.835571,-30.169798,-23.593288,-16.981878,-10.341611,-3.6226845,2.9609396,9.6006708,16.27047,22.932886,29.55302,36.179867,42.904697,49.534229,56.215435,62.838924,69.469795,76.18792,82.731544,89.496643,96.073822,102.78523,109.46309,116.21477,122.87248,,,,,,,,,,,,,,,,,,,,,,,,,,,,,,,,,,,,,,,,,,,,,,,,,,,,,,,,,,,,,,,,,,,,,,,,,,,,,,,,,,,,,,
-0.12,,,,,,,,,,,,,,,,,,,,,,,,,,,,,,,,,,,,,,,,,,,,,,,,,,,,,,,,,,,,-116.8255,-110.20134,-103.57718,-96.926178,-90.302017,-83.704697,-77.08725,-70.449661,-63.832214,-56.76376,-50.08926,-43.444294,-36.793961,-30.168457,-23.597315,-16.961073,-10.297987,-3.6018791,2.9536912,9.6322145,16.319464,22.916779,29.61141,36.224159,42.891945,49.584564,56.237583,62.838924,69.583893,76.107384,82.865768,89.436241,96.147652,102.8255,109.57718,116.19463,122.94631,,,,,,,,,,,,,,,,,,,,,,,,,,,,,,,,,,,,,,,,,,,,,,,,,,,,,,,,,,,,,,,,,,,,,,,,,,,,,,,,,,,,,
-0.11,,,,,,,,,,,,,,,,,,,,,,,,,,,,,,,,,,,,,,,,,,,,,,,,,,,,,,,,,,,,,-116.80537,-110.18792,-103.57047,-96.919464,-90.342285,-83.711411,-77.060402,-70.469795,-63.798656,-56.717449,-50.073826,-43.422817,-36.795303,-30.162416,-23.595974,-16.940268,-10.264429,-3.621208,2.9846308,9.6765099,16.293289,22.966442,29.649664,36.223492,42.960403,49.61208,56.246979,62.926174,69.469795,76.228188,82.818794,89.503357,96.181206,102.96645,109.54362,116.25504,122.93288,,,,,,,,,,,,,,,,,,,,,,,,,,,,,,,,,,,,,,,,,,,,,,,,,,,,,,,,,,,,,,,,,,,,,,,,,,,,,,,,,,,,
-0.1,,,,,,,,,,,,,,,,,,,,,,,,,,,,,,,,,,,,,,,,,,,,,,,,,,,,,,,,,,,,,,-116.86577,-110.22819,-103.59731,-97.01342,-90.382553,-83.731544,-77.140938,-70.496643,-63.81208,-56.742283,-50.106712,-43.47047,-36.85973,-30.21208,-23.612751,-16.954363,-10.365101,-3.6385906,2.9556377,9.6281881,16.278524,22.975168,29.559061,36.211411,42.915436,49.557716,56.264431,62.771812,69.503357,76.127518,82.805367,89.483223,96.214767,102.8255,109.55704,116.20805,122.96645,,,,,,,,,,,,,,,,,,,,,,,,,,,,,,,,,,,,,,,,,,,,,,,,,,,,,,,,,,,,,,,,,,,,,,,,,,,,,,,,,,,
-0.09,,,,,,,,,,,,,,,,,,,,,,,,,,,,,,,,,,,,,,,,,,,,,,,,,,,,,,,,,,,,,,,,-110.20805,-103.63758,-97.01342,-90.342285,-83.744965,-77.080536,-70.429527,-63.80537,-56.736912,-50.079865,-43.483223,-36.828186,-30.173155,-23.574497,-16.981209,-10.327517,-3.6063087,2.9578524,9.6563759,16.325504,22.934229,29.621477,36.262417,42.934227,49.636242,56.188591,62.885906,69.489929,76.18792,82.805367,89.597313,96.208054,102.92618,109.57047,116.2953,122.94631,,,,,,,,,,,,,,,,,,,,,,,,,,,,,,,,,,,,,,,,,,,,,,,,,,,,,,,,,,,,,,,,,,,,,,,,,,,,,,,,,,
-0.08,,,,,,,,,,,,,,,,,,,,,,,,,,,,,,,,,,,,,,,,,,,,,,,,,,,,,,,,,,,,,,,,,-110.30872,-103.69128,-97.040268,-90.456375,-83.791946,-77.127518,-70.503357,-63.825504,-56.773827,-50.17651,-43.526173,-36.867786,-30.224833,-23.668457,-16.992617,-10.343624,-3.6748993,2.9250336,9.619463,16.240269,22.910067,29.6,36.182549,42.928188,49.486576,56.204025,62.771812,69.476509,76.134232,82.872482,89.483223,96.208054,102.85906,109.59731,116.22147,122.93288,,,,,,,,,,,,,,,,,,,,,,,,,,,,,,,,,,,,,,,,,,,,,,,,,,,,,,,,,,,,,,,,,,,,,,,,,,,,,,,,,
-0.07,,,,,,,,,,,,,,,,,,,,,,,,,,,,,,,,,,,,,,,,,,,,,,,,,,,,,,,,,,,,,,,,,,,-103.63758,-97.053688,-90.402687,-83.744965,-77.114098,-70.463089,-63.81208,-56.785908,-50.145638,-43.485233,-36.829529,-30.22349,-23.60537,-16.951677,-10.322147,-3.632416,2.9914765,9.5906038,16.296644,22.967113,29.591274,36.283222,42.869129,49.585236,56.165771,62.852348,69.496643,76.241608,82.845634,89.557045,96.234901,102.97315,109.57047,116.28188,123.02013,,,,,,,,,,,,,,,,,,,,,,,,,,,,,,,,,,,,,,,,,,,,,,,,,,,,,,,,,,,,,,,,,,,,,,,,,,,,,,,,
-0.0600000000000001,,,,,,,,,,,,,,,,,,,,,,,,,,,,,,,,,,,,,,,,,,,,,,,,,,,,,,,,,,,,,,,,,,,,-103.73826,-97.08725,-90.416107,-83.791946,-77.127518,-70.489929,-63.892616,-56.825504,-50.165771,-43.516777,-36.904697,-30.240269,-23.636913,-17.008053,-10.358389,-3.6320806,2.9036913,9.5879192,16.263758,22.9,29.632885,36.135571,42.863758,49.493961,56.186577,62.778522,69.523491,76.134232,82.852348,89.530205,96.248322,102.87248,109.57718,116.28188,,,,,,,,,,,,,,,,,,,,,,,,,,,,,,,,,,,,,,,,,,,,,,,,,,,,,,,,,,,,,,,,,,,,,,,,,,,,,,,,
-0.05,,,,,,,,,,,,,,,,,,,,,,,,,,,,,,,,,,,,,,,,,,,,,,,,,,,,,,,,,,,,,,,,,,,,,-103.7047,-97.060402,-90.429527,-83.758392,-77.134232,-70.530205,-63.879196,-56.81208,-50.126846,-43.533558,-36.885906,-30.227516,-23.657047,-16.987919,-10.305369,-3.678859,2.9152348,9.6275167,16.282551,22.986578,29.538927,36.230202,42.858391,49.565773,56.182549,62.90604,69.523491,76.208054,82.879196,89.590607,96.214767,102.91275,109.61745,116.33557,,,,,,,,,,,,,,,,,,,,,,,,,,,,,,,,,,,,,,,,,,,,,,,,,,,,,,,,,,,,,,,,,,,,,,,,,,,,,,,
-0.04,,,,,,,,,,,,,,,,,,,,,,,,,,,,,,,,,,,,,,,,,,,,,,,,,,,,,,,,,,,,,,,,,,,,,,-103.67114,-97.053688,-90.389259,-83.738258,-77.161072,-70.523491,-63.852348,-56.779194,-50.159733,-43.496643,-36.856377,-30.244967,-23.620806,-16.927517,-10.349665,-3.6008725,2.9851007,9.6530199,16.34161,22.912752,29.622818,36.179195,42.932217,49.538254,56.310066,62.852348,69.563759,76.234901,82.953018,89.550339,96.275169,102.99329,109.65771,116.39597,,,,,,,,,,,,,,,,,,,,,,,,,,,,,,,,,,,,,,,,,,,,,,,,,,,,,,,,,,,,,,,,,,,,,,,,,,,,,,
-0.03,,,,,,,,,,,,,,,,,,,,,,,,,,,,,,,,,,,,,,,,,,,,,,,,,,,,,,,,,,,,,,,,,,,,,,,-103.73826,-97.073822,-90.436241,-83.859062,-77.208054,-70.557045,-63.872482,-56.839596,-50.200672,-43.54631,-36.931545,-30.263758,-23.623489,-17.045637,-10.344296,-3.6595302,2.9312081,9.6510067,16.210739,22.943624,29.526175,36.18792,42.849663,49.585907,56.219463,62.852348,69.536911,76.261742,82.859062,89.550339,96.268456,102.92618,109.65771,116.2953,,,,,,,,,,,,,,,,,,,,,,,,,,,,,,,,,,,,,,,,,,,,,,,,,,,,,,,,,,,,,,,,,,,,,,,,,,,,,
-0.02,,,,,,,,,,,,,,,,,,,,,,,,,,,,,,,,,,,,,,,,,,,,,,,,,,,,,,,,,,,,,,,,,,,,,,,-110.34229,-103.69798,-97.060402,-90.483223,-83.838928,-77.18792,-70.523491,-63.885906,-56.820133,-50.175167,-43.552349,-36.891273,-30.215437,-23.666443,-16.97584,-10.299329,-3.6425502,2.9699328,9.592617,16.340269,22.875839,29.59396,36.182549,42.97047,49.571812,56.237583,62.892616,69.604027,76.221474,82.91275,89.637581,96.275169,103,109.63087,116.34899,,,,,,,,,,,,,,,,,,,,,,,,,,,,,,,,,,,,,,,,,,,,,,,,,,,,,,,,,,,,,,,,,,,,,,,,,,,,
-0.01,,,,,,,,,,,,,,,,,,,,,,,,,,,,,,,,,,,,,,,,,,,,,,,,,,,,,,,,,,,,,,,,,,,,,,,,,-103.74496,-97.161072,-90.523491,-83.872482,-77.20134,-70.577179,-63.919464,-56.846981,-50.242283,-43.591274,-36.886578,-30.293289,-23.697315,-17,-10.357047,-3.6282551,2.8803356,9.6738253,16.191946,22.9,29.532215,36.232216,42.857719,49.565102,56.246979,62.89933,69.516777,76.214767,82.939598,89.583893,96.275169,102.90604,109.62416,116.31544,,,,,,,,,,,,,,,,,,,,,,,,,,,,,,,,,,,,,,,,,,,,,,,,,,,,,,,,,,,,,,,,,,,,,,,,,,,
0,,,,,,,,,,,,,,,,,,,,,,,,,,,,,,,,,,,,,,,,,,,,,,,,,,,,,,,,,,,,,,,,,,,,,,,,,,-103.77181,-97.127518,-90.476509,-83.8255,-77.20134,-70.536911,-63.885906,-56.859062,-50.191948,-43.516777,-36.92886,-30.238255,-23.616779,-16.973154,-10.304027,-3.6672482,3.0310738,9.5711412,16.271141,22.896645,29.636913,36.221478,42.938927,49.618122,56.32349,62.885906,69.577179,76.288589,82.953018,89.671143,96.275169,102.97315,109.63758,116.34899,,,,,,,,,,,,,,,,,,,,,,,,,,,,,,,,,,,,,,,,,,,,,,,,,,,,,,,,,,,,,,,,,,,,,,,,,,
0.01,,,,,,,,,,,,,,,,,,,,,,,,,,,,,,,,,,,,,,,,,,,,,,,,,,,,,,,,,,,,,,,,,,,,,,,,,,,-103.8255,-97.1745,-90.503357,-83.89933,-77.248322,-70.583893,-63.973156,-56.902012,-50.210068,-43.634228,-36.944294,-30.277853,-23.695303,-16.992617,-10.420805,-3.589463,2.8427517,9.5718117,16.209396,22.920134,29.539597,36.189262,42.909397,49.614094,56.227516,62.872482,69.583893,76.228188,82.953018,89.570473,96.255035,102.91946,109.64429,,,,,,,,,,,,,,,,,,,,,,,,,,,,,,,,,,,,,,,,,,,,,,,,,,,,,,,,,,,,,,,,,,,,,,,,,,
0.02,,,,,,,,,,,,,,,,,,,,,,,,,,,,,,,,,,,,,,,,,,,,,,,,,,,,,,,,,,,,,,,,,,,,,,,,,,,,,-97.140938,-90.530205,-83.865768,-77.214767,-70.604027,-63.926174,-56.839596,-50.263088,-43.578522,-36.902683,-30.241611,-23.642954,-17.005369,-10.269128,-3.7254362,2.9020135,9.5691271,16.310738,22.927517,29.604027,36.220806,42.967113,49.581879,56.267784,62.932884,69.597313,76.315437,82.89933,89.610741,96.288589,102.96645,109.65771,,,,,,,,,,,,,,,,,,,,,,,,,,,,,,,,,,,,,,,,,,,,,,,,,,,,,,,,,,,,,,,,,,,,,,,,,
0.03,,,,,,,,,,,,,,,,,,,,,,,,,,,,,,,,,,,,,,,,,,,,,,,,,,,,,,,,,,,,,,,,,,,,,,,,,,,,,,-97.214767,-90.543625,-83.91275,-77.281876,-70.624161,-63.946308,-56.930202,-50.264431,-43.602684,-36.961746,-30.275839,-23.708725,-16.955706,-10.475839,-3.7328188,2.8495302,9.6020136,16.211409,22.895302,29.591946,36.249664,42.897316,49.581207,56.279865,62.885906,69.597313,76.208054,82.906044,89.570473,96.248322,102.89933,109.64429,,,,,,,,,,,,,,,,,,,,,,,,,,,,,,,,,,,,,,,,,,,,,,,,,,,,,,,,,,,,,,,,,,,,,,,,
0.04,,,,,,,,,,,,,,,,,,,,,,,,,,,,,,,,,,,,,,,,,,,,,,,,,,,,,,,,,,,,,,,,,,,,,,,,,,,,,,,-97.1745,-90.516777,-83.91275,-77.261742,-70.590607,-64.006714,-56.887249,-50.24765,-43.585236,-36.907383,-30.307383,-23.597315,-17.114094,-10.416779,-3.7359061,2.9022818,9.585906,16.254362,22.920134,29.614765,36.218792,42.927517,49.627518,56.267113,62.946308,69.543625,76.268456,82.919464,89.644295,96.255035,102.97315,109.69798,,,,,,,,,,,,,,,,,,,,,,,,,,,,,,,,,,,,,,,,,,,,,,,,,,,,,,,,,,,,,,,,,,,,,,,
0.05,,,,,,,,,,,,,,,,,,,,,,,,,,,,,,,,,,,,,,,,,,,,,,,,,,,,,,,,,,,,,,,,,,,,,,,,,,,,,,,,-97.221474,-90.610741,-83.946312,-77.281876,-70.697983,-64.006714,-56.91074,-50.286575,-43.635571,-36.980537,-30.251678,-23.797316,-17.059732,-10.467114,-3.7014766,2.892416,9.589262,16.228859,22.937584,29.579195,36.206711,42.937584,49.597317,56.261074,62.859062,69.557045,76.221474,82.89933,89.557045,96.261742,102.94631,109.65101,,,,,,,,,,,,,,,,,,,,,,,,,,,,,,,,,,,,,,,,,,,,,,,,,,,,,,,,,,,,,,,,,,,,,,
0.0599999999999999,,,,,,,,,,,,,,,,,,,,,,,,,,,,,,,,,,,,,,,,,,,,,,,,,,,,,,,,,,,,,,,,,,,,,,,,,,,,,,,,,-97.248322,-90.557045,-83.919464,-77.328857,-70.651009,-63.973156,-56.91275,-50.278522,-43.615437,-36.863758,-30.371813,-23.713423,-17.084564,-10.396645,-3.7288589,2.8866444,9.6046982,16.308725,22.889933,29.613422,36.261745,42.941612,49.642281,56.262417,62.939598,69.563759,76.268456,82.892616,89.590607,96.295303,102.95973,109.69128,,,,,,,,,,,,,,,,,,,,,,,,,,,,,,,,,,,,,,,,,,,,,,,,,,,,,,,,,,,,,,,,,,,,,
0.07,,,,,,,,,,,,,,,,,,,,,,,,,,,,,,,,,,,,,,,,,,,,,,,,,,,,,,,,,,,,,,,,,,,,,,,,,,,,,,,,,,-97.194633,-90.543625,-83.939598,-77.275169,-70.604027,-63.966442,-56.916107,-50.232887,-43.496643,-37.008724,-30.332214,-23.744295,-17.010738,-10.387919,-3.6536913,2.9447651,9.6758385,16.267786,22.966442,29.665771,36.264431,42.991276,49.64698,56.342281,62.919464,69.610741,76.255035,82.953018,89.677849,96.315437,103.01342,,,,,,,,,,,,,,,,,,,,,,,,,,,,,,,,,,,,,,,,,,,,,,,,,,,,,,,,,,,,,,,,,,,,,
0.08,,,,,,,,,,,,,,,,,,,,,,,,,,,,,,,,,,,,,,,,,,,,,,,,,,,,,,,,,,,,,,,,,,,,,,,,,,,,,,,,,,,-97.241608,-90.644295,-83.973152,-77.315437,-70.664429,-64.020134,-56.920807,-50.197987,-43.732216,-37.02282,-30.397316,-23.660402,-17.069128,-10.391946,-3.7002685,2.9426847,9.579195,16.25906,22.963087,29.615437,36.263088,42.954361,49.631542,56.250336,62.919464,69.530205,76.255035,82.98658,89.610741,96.302017,102.95302,,,,,,,,,,,,,,,,,,,,,,,,,,,,,,,,,,,,,,,,,,,,,,,,,,,,,,,,,,,,,,,,,,,,
0.09,,,,,,,,,,,,,,,,,,,,,,,,,,,,,,,,,,,,,,,,,,,,,,,,,,,,,,,,,,,,,,,,,,,,,,,,,,,,,,,,,,,,-97.275169,-90.604027,-83.946312,-77.288589,-70.671143,-63.973156,-56.819462,-50.350334,-43.665771,-37.024162,-30.302685,-23.710739,-17.02282,-10.361745,-3.647584,2.8987248,9.6154366,16.313423,22.956375,29.690603,36.246307,42.993961,49.610737,56.293289,62.892616,69.617447,76.315437,82.953018,89.711411,96.328857,103.03355,,,,,,,,,,,,,,,,,,,,,,,,,,,,,,,,,,,,,,,,,,,,,,,,,,,,,,,,,,,,,,,,,,,
0.1,,,,,,,,,,,,,,,,,,,,,,,,,,,,,,,,,,,,,,,,,,,,,,,,,,,,,,,,,,,,,,,,,,,,,,,,,,,,,,,,,,,,,-97.288589,-90.617447,-84.01342,-77.355705,-70.691277,-63.946308,-57.055035,-50.363087,-43.724159,-36.987919,-30.366444,-23.707382,-17.073826,-10.375839,-3.7179866,2.897114,9.6140938,16.255033,22.95302,29.597986,36.27718,42.891945,49.593288,56.204025,62.919464,69.597313,76.248322,82.98658,89.610741,96.322151,102.99329,,,,,,,,,,,,,,,,,,,,,,,,,,,,,,,,,,,,,,,,,,,,,,,,,,,,,,,,,,,,,,,,,,
0.11,,,,,,,,,,,,,,,,,,,,,,,,,,,,,,,,,,,,,,,,,,,,,,,,,,,,,,,,,,,,,,,,,,,,,,,,,,,,,,,,,,,,,,,-90.637581,-84.026848,-77.335571,-70.590607,-64.114098,-57.001343,-50.364429,-43.626175,-37.009396,-30.302685,-23.714766,-17.014093,-10.408725,-3.6673155,2.9458389,9.6114092,16.337584,22.924162,29.614765,36.244297,42.965771,49.584564,56.308052,62.959732,69.597313,76.302017,82.966446,89.664429,96.302017,103.09396,,,,,,,,,,,,,,,,,,,,,,,,,,,,,,,,,,,,,,,,,,,,,,,,,,,,,,,,,,,,,,,,,
0.12,,,,,,,,,,,,,,,,,,,,,,,,,,,,,,,,,,,,,,,,,,,,,,,,,,,,,,,,,,,,,,,,,,,,,,,,,,,,,,,,,,,,,,,,-90.724831,-84.020134,-77.261742,-70.818794,-64.10067,-57.059731,-50.32349,-43.716106,-36.981209,-30.384563,-23.708725,-17.098658,-10.402684,-3.6933558,2.8834229,9.6308727,16.224161,22.95302,29.587248,36.280537,42.883892,49.591274,56.303356,62.89933,69.597313,76.255035,82.932884,89.590607,96.348991,,,,,,,,,,,,,,,,,,,,,,,,,,,,,,,,,,,,,,,,,,,,,,,,,,,,,,,,,,,,,,,,,
0.13,,,,,,,,,,,,,,,,,,,,,,,,,,,,,,,,,,,,,,,,,,,,,,,,,,,,,,,,,,,,,,,,,,,,,,,,,,,,,,,,,,,,,,,,,-90.651009,-83.91275,-77.449661,-70.738258,-64.10067,-56.991947,-50.37114,-43.637585,-37.014767,-30.328859,-23.74094,-17.052349,-10.348993,-3.6812751,2.942282,9.575839,16.297987,22.905369,29.613422,36.218792,42.957047,49.647652,56.291946,62.932884,69.590607,76.308723,82.946312,89.697983,96.355705,,,,,,,,,,,,,,,,,,,,,,,,,,,,,,,,,,,,,,,,,,,,,,,,,,,,,,,,,,,,,,,,
0.14,,,,,,,,,,,,,,,,,,,,,,,,,,,,,,,,,,,,,,,,,,,,,,,,,,,,,,,,,,,,,,,,,,,,,,,,,,,,,,,,,,,,,,,,,,-90.597313,-84.140938,-77.436241,-70.79866,-64.080536,-57.069126,-50.330872,-43.690605,-37.016777,-30.402014,-23.761074,-17.038927,-10.430202,-3.6967785,2.8633556,9.5785236,16.218121,22.897987,29.563087,36.23624,42.955032,49.581207,56.257046,62.885906,69.604027,76.208054,82.979866,89.604027,96.335571,,,,,,,,,,,,,,,,,,,,,,,,,,,,,,,,,,,,,,,,,,,,,,,,,,,,,,,,,,,,,,,
0.15,,,,,,,,,,,,,,,,,,,,,,,,,,,,,,,,,,,,,,,,,,,,,,,,,,,,,,,,,,,,,,,,,,,,,,,,,,,,,,,,,,,,,,,,,,,-90.771812,-84.073822,-77.429527,-70.718124,-64.10067,-56.977852,-50.336243,-43.642281,-37.034229,-30.364429,-23.725504,-17.079195,-10.372483,-3.7230201,2.8989933,9.585906,16.267115,22.902014,29.625504,36.295303,42.944294,49.618122,56.257046,62.946308,69.590607,76.328857,83.006714,89.657715,96.342285,,,,,,,,,,,,,,,,,,,,,,,,,,,,,,,,,,,,,,,,,,,,,,,,,,,,,,,,,,,,,,
0.16,,,,,,,,,,,,,,,,,,,,,,,,,,,,,,,,,,,,,,,,,,,,,,,,,,,,,,,,,,,,,,,,,,,,,,,,,,,,,,,,,,,,,,,,,,,,,-84.10067,-77.416107,-70.81208,-64.093956,-57.045639,-50.35973,-43.728859,-37.069798,-30.34631,-23.754362,-17.063759,-10.455033,-3.7202685,2.8555033,9.5429535,16.20067,22.908054,29.598658,36.212082,42.934898,49.57584,56.27047,62.838924,69.624161,76.261742,82.919464,89.610741,96.369125,,,,,,,,,,,,,,,,,,,,,,,,,,,,,,,,,,,,,,,,,,,,,,,,,,,,,,,,,,,,,
0.17,,,,,,,,,,,,,,,,,,,,,,,,,,,,,,,,,,,,,,,,,,,,,,,,,,,,,,,,,,,,,,,,,,,,,,,,,,,,,,,,,,,,,,,,,,,,,,-84.01342,-77.416107,-70.751678,-64.080536,-57.000671,-50.368458,-43.699329,-36.985905,-30.368456,-23.716778,-17.077852,-10.366443,-3.7273827,2.9280536,9.5590601,16.258389,22.972483,29.625504,36.293961,42.932884,49.625504,56.246307,62.979866,69.617447,76.302017,82.966446,89.684563,96.389259,,,,,,,,,,,,,,,,,,,,,,,,,,,,,,,,,,,,,,,,,,,,,,,,,,,,,,,,,,,,
0.18,,,,,,,,,,,,,,,,,,,,,,,,,,,,,,,,,,,,,,,,,,,,,,,,,,,,,,,,,,,,,,,,,,,,,,,,,,,,,,,,,,,,,,,,,,,,,,,-84.140938,-77.442955,-70.79866,-64.127518,-57.106712,-50.426846,-43.704025,-37.069126,-30.367115,-23.797316,-17.077852,-10.469128,-3.7590604,2.8224833,9.5483217,16.246981,22.883221,29.590605,36.189934,42.924831,49.546978,56.308723,62.885906,69.570473,76.234901,82.953018,89.657715,96.288589,,,,,,,,,,,,,,,,,,,,,,,,,,,,,,,,,,,,,,,,,,,,,,,,,,,,,,,,,,,
0.19,,,,,,,,,,,,,,,,,,,,,,,,,,,,,,,,,,,,,,,,,,,,,,,,,,,,,,,,,,,,,,,,,,,,,,,,,,,,,,,,,,,,,,,,,,,,,,,,-84.073822,-77.436241,-70.751678,-64.127518,-57.054363,-50.324162,-43.708725,-37.028858,-30.412081,-23.742952,-17.108053,-10.430873,-3.7419462,2.8934228,9.6080542,16.266443,22.928188,29.579866,36.23624,42.907383,49.661076,56.30537,62.926174,69.604027,76.288589,83.020134,89.624161,96.322151,,,,,,,,,,,,,,,,,,,,,,,,,,,,,,,,,,,,,,,,,,,,,,,,,,,,,,,,,,
0.2,,,,,,,,,,,,,,,,,,,,,,,,,,,,,,,,,,,,,,,,,,,,,,,,,,,,,,,,,,,,,,,,,,,,,,,,,,,,,,,,,,,,,,,,,,,,,,,,,-84.10067,-77.389259,-70.771812,-64.080536,-56.975838,-50.348991,-43.677181,-37.042282,-30.328859,-23.7651,-17.073826,-10.419463,-3.6958389,2.9134228,9.612752,16.31208,22.938927,29.647652,36.256374,43.016106,49.667786,56.336914,62.953022,69.651009,76.362419,82.973152,89.671143,96.322151,,,,,,,,,,,,,,,,,,,,,,,,,,,,,,,,,,,,,,,,,,,,,,,,,,,,,,,,,
0.21,,,,,,,,,,,,,,,,,,,,,,,,,,,,,,,,,,,,,,,,,,,,,,,,,,,,,,,,,,,,,,,,,,,,,,,,,,,,,,,,,,,,,,,,,,,,,,,,,,-84.073822,-77.483223,-70.791946,-64.093956,-57.061073,-50.397316,-43.738255,-37.049664,-30.429531,-23.755033,-17.134899,-10.442953,-3.6950336,2.8450336,9.595973,16.209396,22.953691,29.585236,36.297314,42.948994,49.607384,56.271812,62.946308,69.664429,76.248322,82.979866,89.597313,,,,,,,,,,,,,,,,,,,,,,,,,,,,,,,,,,,,,,,,,,,,,,,,,,,,,,,,,
0.22,,,,,,,,,,,,,,,,,,,,,,,,,,,,,,,,,,,,,,,,,,,,,,,,,,,,,,,,,,,,,,,,,,,,,,,,,,,,,,,,,,,,,,,,,,,,,,,,,,,,-77.442955,-70.731544,-64.107384,-57.024834,-50.373154,-43.686577,-37.077854,-30.372482,-23.763086,-17.088591,-10.363758,-3.7099328,2.9133556,9.58255,16.281208,22.920134,29.664429,36.297314,42.985233,49.610065,56.340267,62.986576,69.637581,76.308723,82.939598,89.281876,,,,,,,,,,,,,,,,,,,,,,,,,,,,,,,,,,,,,,,,,,,,,,,,,,,,,,,,
0.23,,,,,,,,,,,,,,,,,,,,,,,,,,,,,,,,,,,,,,,,,,,,,,,,,,,,,,,,,,,,,,,,,,,,,,,,,,,,,,,,,,,,,,,,,,,,,,,,,,,,,-77.422821,-70.81208,-64.147652,-57.081879,-50.386578,-43.767784,-37.072483,-30.444967,-23.785234,-17.075838,-10.453691,-3.7257047,2.8552349,9.5778522,16.230202,22.951677,29.620134,36.246307,42.902012,49.634899,56.35973,62.892616,69.610741,76.228188,82.926178,,,,,,,,,,,,,,,,,,,,,,,,,,,,,,,,,,,,,,,,,,,,,,,,,,,,,,,,
0.24,,,,,,,,,,,,,,,,,,,,,,,,,,,,,,,,,,,,,,,,,,,,,,,,,,,,,,,,,,,,,,,,,,,,,,,,,,,,,,,,,,,,,,,,,,,,,,,,,,,,,,-77.436241,-70.778526,-64.134232,-57.055706,-50.408054,-43.735569,-37.083893,-30.4,-23.740269,-17.095974,-10.391946,-3.738255,2.9036241,9.5771809,16.320805,22.978523,29.620134,36.237583,43.001343,49.714092,56.329529,62.973156,69.590607,76.275169,82.953018,,,,,,,,,,,,,,,,,,,,,,,,,,,,,,,,,,,,,,,,,,,,,,,,,,,,,,,
0.25,,,,,,,,,,,,,,,,,,,,,,,,,,,,,,,,,,,,,,,,,,,,,,,,,,,,,,,,,,,,,,,,,,,,,,,,,,,,,,,,,,,,,,,,,,,,,,,,,,,,,,,,-70.859062,-64.147652,-57.132885,-50.418793,-43.794632,-37.106712,-30.414093,-23.811409,-17.102684,-10.463087,-3.7271812,2.874094,9.6073828,16.266443,22.926846,29.584564,36.255703,43.016106,49.615437,56.315437,62.872482,69.577179,76.208054,82.718124,,,,,,,,,,,,,,,,,,,,,,,,,,,,,,,,,,,,,,,,,,,,,,,,,,,,,,
0.26,,,,,,,,,,,,,,,,,,,,,,,,,,,,,,,,,,,,,,,,,,,,,,,,,,,,,,,,,,,,,,,,,,,,,,,,,,,,,,,,,,,,,,,,,,,,,,,,,,,,,,,,,-70.79866,-64.181206,-57.083893,-50.432884,-43.744965,-37.037582,-30.42886,-23.735571,-17.110067,-10.388591,-3.7309396,2.9394631,9.6335573,16.281208,22.928188,29.640268,36.333557,42.963089,49.661076,56.246979,62.932884,69.557045,76.261742,82.167786,,,,,,,,,,,,,,,,,,,,,,,,,,,,,,,,,,,,,,,,,,,,,,,,,,,,,
0.27,,,,,,,,,,,,,,,,,,,,,,,,,,,,,,,,,,,,,,,,,,,,,,,,,,,,,,,,,,,,,,,,,,,,,,,,,,,,,,,,,,,,,,,,,,,,,,,,,,,,,,,,,,-70.906044,-64.18792,-57.132885,-50.444294,-43.755703,-37.108055,-30.42886,-23.828188,-17.097315,-10.48792,-3.711812,2.8902013,9.5845642,16.222818,22.932215,29.655704,36.241611,42.987247,49.583221,56.285236,62.852348,69.563759,76.181206,82.308723,,,,,,,,,,,,,,,,,,,,,,,,,,,,,,,,,,,,,,,,,,,,,,,,,,,,
0.28,,,,,,,,,,,,,,,,,,,,,,,,,,,,,,,,,,,,,,,,,,,,,,,,,,,,,,,,,,,,,,,,,,,,,,,,,,,,,,,,,,,,,,,,,,,,,,,,,,,,,,,,,,,-70.832214,-64.18792,-57.085907,-50.383892,-43.757717,-37.074497,-30.431543,-23.768456,-17.104027,-10.379866,-3.6985905,2.9160402,9.6187916,16.311409,23.012081,29.667786,36.298656,42.938255,49.629532,56.237583,62.919464,69.523491,76.281876,81.879196,,,,,,,,,,,,,,,,,,,,,,,,,,,,,,,,,,,,,,,,,,,,,,,,,,,
0.29,,,,,,,,,,,,,,,,,,,,,,,,,,,,,,,,,,,,,,,,,,,,,,,,,,,,,,,,,,,,,,,,,,,,,,,,,,,,,,,,,,,,,,,,,,,,,,,,,,,,,,,,,,,,-70.892616,-64.20134,-57.086578,-50.475838,-43.783222,-37.143623,-30.415436,-23.838926,-17.104027,-10.422148,-3.7504697,2.8779194,9.6147652,16.320135,22.932886,29.644295,36.240269,42.931545,49.550335,56.273827,62.825504,69.557045,76.268456,82.463089,,,,,,,,,,,,,,,,,,,,,,,,,,,,,,,,,,,,,,,,,,,,,,,,,,
0.3,,,,,,,,,,,,,,,,,,,,,,,,,,,,,,,,,,,,,,,,,,,,,,,,,,,,,,,,,,,,,,,,,,,,,,,,,,,,,,,,,,,,,,,,,,,,,,,,,,,,,,,,,,,,,-70.838928,-64.147652,-57.107384,-50.422817,-43.785908,-37.093288,-30.416107,-23.716778,-17.077181,-10.405369,-3.6862416,2.9385905,9.675168,16.29463,22.979195,29.61812,36.27047,42.934898,49.580536,56.207382,62.926174,69.557045,76.275169,82.597313,,,,,,,,,,,,,,,,,,,,,,,,,,,,,,,,,,,,,,,,,,,,,,,,,
0.31,,,,,,,,,,,,,,,,,,,,,,,,,,,,,,,,,,,,,,,,,,,,,,,,,,,,,,,,,,,,,,,,,,,,,,,,,,,,,,,,,,,,,,,,,,,,,,,,,,,,,,,,,,,,,,-70.785233,-64.147652,-57.057049,-50.388592,-43.677853,-37.030201,-30.322147,-23.722818,-17.044966,-10.361745,-3.6453691,2.99651,9.6489935,16.30604,22.932215,29.667786,36.242283,42.971813,49.574497,56.318119,62.966442,69.637581,76.295303,,,,,,,,,,,,,,,,,,,,,,,,,,,,,,,,,,,,,,,,,,,,,,,,,
0.32,,,,,,,,,,,,,,,,,,,,,,,,,,,,,,,,,,,,,,,,,,,,,,,,,,,,,,,,,,,,,,,,,,,,,,,,,,,,,,,,,,,,,,,,,,,,,,,,,,,,,,,,,,,,,,,-70.872482,-64.194633,-57.117451,-50.402683,-43.749664,-37.032215,-30.38859,-23.734228,-17.073154,-10.4,-3.665369,2.9103355,9.6281881,16.250336,22.93557,29.579866,36.228859,42.836243,49.635571,56.304028,62.919464,69.604027,75.389259,,,,,,,,,,,,,,,,,,,,,,,,,,,,,,,,,,,,,,,,,,,,,,,,
0.33,,,,,,,,,,,,,,,,,,,,,,,,,,,,,,,,,,,,,,,,,,,,,,,,,,,,,,,,,,,,,,,,,,,,,,,,,,,,,,,,,,,,,,,,,,,,,,,,,,,,,,,,,,,,,,,,,-64.161072,-57.042953,-50.391273,-43.675167,-37.025505,-30.358389,-23.728188,-17.036242,-10.322819,-3.6683221,2.9624832,9.619463,16.298658,22.944296,29.604027,36.244965,43.022148,49.654362,56.306713,62.966442,69.637581,,,,,,,,,,,,,,,,,,,,,,,,,,,,,,,,,,,,,,,,,,,,,,,,
0.34,,,,,,,,,,,,,,,,,,,,,,,,,,,,,,,,,,,,,,,,,,,,,,,,,,,,,,,,,,,,,,,,,,,,,,,,,,,,,,,,,,,,,,,,,,,,,,,,,,,,,,,,,,,,,,,,,,,-57.104698,-50.389263,-43.710739,-37.037582,-30.400671,-23.72953,-17.026175,-10.355704,-3.6714094,2.9142952,9.5879192,16.232214,22.951006,29.591274,36.276508,42.950336,49.644966,56.309395,62.91275,69.416107,,,,,,,,,,,,,,,,,,,,,,,,,,,,,,,,,,,,,,,,,,,,,,,
0.35,,,,,,,,,,,,,,,,,,,,,,,,,,,,,,,,,,,,,,,,,,,,,,,,,,,,,,,,,,,,,,,,,,,,,,,,,,,,,,,,,,,,,,,,,,,,,,,,,,,,,,,,,,,,,,,,,,,,-57.028187,-50.377182,-43.695972,-37.036243,-30.348322,-23.679865,-17.003355,-10.314094,-3.715302,2.9599328,9.5946312,16.256376,22.932215,29.65369,36.300671,43.01812,49.657047,56.312752,62.959732,,,,,,,,,,,,,,,,,,,,,,,,,,,,,,,,,,,,,,,,,,,,,,,
0.36,,,,,,,,,,,,,,,,,,,,,,,,,,,,,,,,,,,,,,,,,,,,,,,,,,,,,,,,,,,,,,,,,,,,,,,,,,,,,,,,,,,,,,,,,,,,,,,,,,,,,,,,,,,,,,,,,,,,,,-50.387249,-43.738255,-37.034901,-30.361074,-23.716108,-17.016108,-10.420135,-3.7137585,2.8761744,9.5966444,16.245638,22.955034,29.662416,36.281208,42.962418,49.618122,56.328186,62.288589,,,,,,,,,,,,,,,,,,,,,,,,,,,,,,,,,,,,,,,,,,,,,,
0.37,,,,,,,,,,,,,,,,,,,,,,,,,,,,,,,,,,,,,,,,,,,,,,,,,,,,,,,,,,,,,,,,,,,,,,,,,,,,,,,,,,,,,,,,,,,,,,,,,,,,,,,,,,,,,,,,,,,,,,-57.014095,-50.382549,-43.663086,-36.962418,-30.342953,-23.687248,-17.047651,-10.344296,-3.7107382,2.9307382,9.609396,16.326845,23.030872,29.675838,36.293289,42.997986,49.657047,56.293961,62.436241,,,,,,,,,,,,,,,,,,,,,,,,,,,,,,,,,,,,,,,,,,,,,
0.38,,,,,,,,,,,,,,,,,,,,,,,,,,,,,,,,,,,,,,,,,,,,,,,,,,,,,,,,,,,,,,,,,,,,,,,,,,,,,,,,,,,,,,,,,,,,,,,,,,,,,,,,,,,,,,,,,,,,,,,-57.079865,-50.365101,-43.675838,-37.072483,-30.350336,-23.784563,-17.091946,-10.444295,-3.7145638,2.8640268,9.6087246,16.321476,22.94161,29.617449,36.246979,42.971142,49.562416,56.328857,62.932884,,,,,,,,,,,,,,,,,,,,,,,,,,,,,,,,,,,,,,,,,,,,
0.39,,,,,,,,,,,,,,,,,,,,,,,,,,,,,,,,,,,,,,,,,,,,,,,,,,,,,,,,,,,,,,,,,,,,,,,,,,,,,,,,,,,,,,,,,,,,,,,,,,,,,,,,,,,,,,,,,,,,,,,,-57.012081,-50.312752,-43.695972,-36.994633,-30.355705,-23.665771,-17.092617,-10.390604,-3.7114766,2.9430873,9.6791945,16.302013,22.987247,29.65906,36.291946,42.933556,49.697315,56.298656,62.986576,,,,,,,,,,,,,,,,,,,,,,,,,,,,,,,,,,,,,,,,,,,
0.4,,,,,,,,,,,,,,,,,,,,,,,,,,,,,,,,,,,,,,,,,,,,,,,,,,,,,,,,,,,,,,,,,,,,,,,,,,,,,,,,,,,,,,,,,,,,,,,,,,,,,,,,,,,,,,,,,,,,,,,,,-57.026173,-50.393959,-43.68121,-37.053692,-30.349665,-23.762417,-17.079195,-10.430202,-3.7,2.9572482,9.616107,16.305368,22.940268,29.636913,36.221478,42.99329,49.601341,56.307381,62.953022,69.617447,,,,,,,,,,,,,,,,,,,,,,,,,,,,,,,,,,,,,,,,,
0.41,,,,,,,,,,,,,,,,,,,,,,,,,,,,,,,,,,,,,,,,,,,,,,,,,,,,,,,,,,,,,,,,,,,,,,,,,,,,,,,,,,,,,,,,,,,,,,,,,,,,,,,,,,,,,,,,,,,,,,,,,,-57.028858,-50.329529,-43.720806,-37.002686,-30.384563,-23.726845,-17.057718,-10.351007,-3.6093287,2.9361744,9.6604023,16.301342,23.003355,29.633556,36.320133,42.97718,49.661743,56.302685,62.932884,69.711411,,,,,,,,,,,,,,,,,,,,,,,,,,,,,,,,,,,,,,,,
0.42,,,,,,,,,,,,,,,,,,,,,,,,,,,,,,,,,,,,,,,,,,,,,,,,,,,,,,,,,,,,,,,,,,,,,,,,,,,,,,,,,,,,,,,,,,,,,,,,,,,,,,,,,,,,,,,,,,,,,,,,,,,,,-43.649666,-37.036243,-30.344296,-23.719463,-17.008053,-10.285234,-3.6253021,2.9845638,9.6651011,16.362415,22.973825,29.718792,36.32349,43.033558,49.668457,56.331543,63.026844,,,,,,,,,,,,,,,,,,,,,,,,,,,,,,,,,,,,,,,,
0.43,,,,,,,,,,,,,,,,,,,,,,,,,,,,,,,,,,,,,,,,,,,,,,,,,,,,,,,,,,,,,,,,,,,,,,,,,,,,,,,,,,,,,,,,,,,,,,,,,,,,,,,,,,,,,,,,,,,,,,,,,,,,,,,-37.032887,-30.380537,-23.70537,-16.999329,-10.348993,-3.6390605,2.9393289,9.6691275,16.277182,23.002014,29.666443,36.327518,42.983894,49.640938,56.383892,,,,,,,,,,,,,,,,,,,,,,,,,,,,,,,,,,,,,,,,
0.44,,,,,,,,,,,,,,,,,,,,,,,,,,,,,,,,,,,,,,,,,,,,,,,,,,,,,,,,,,,,,,,,,,,,,,,,,,,,,,,,,,,,,,,,,,,,,,,,,,,,,,,,,,,,,,,,,,,,,,,,,,,,,,,,-36.997986,-30.3349,-23.632885,-17.008724,-10.313423,-3.6411409,2.9791274,9.6577177,16.375168,22.995974,29.707382,36.332214,42.991947,49.750336,56.371811,,,,,,,,,,,,,,,,,,,,,,,,,,,,,,,,,,,,,,,
0.45,,,,,,,,,,,,,,,,,,,,,,,,,,,,,,,,,,,,,,,,,,,,,,,,,,,,,,,,,,,,,,,,,,,,,,,,,,,,,,,,,,,,,,,,,,,,,,,,,,,,,,,,,,,,,,,,,,,,,,,,,,,,,,,,,-36.997314,-30.330872,-23.687248,-17.005369,-10.369127,-3.6497316,2.9536912,9.6879196,16.297316,23.016779,29.669128,36.27718,43.047649,49.679195,,,,,,,,,,,,,,,,,,,,,,,,,,,,,,,,,,,,,,,
0.46,,,,,,,,,,,,,,,,,,,,,,,,,,,,,,,,,,,,,,,,,,,,,,,,,,,,,,,,,,,,,,,,,,,,,,,,,,,,,,,,,,,,,,,,,,,,,,,,,,,,,,,,,,,,,,,,,,,,,,,,,,,,,,,,,,-36.908054,-30.305368,-23.634899,-17.01141,-10.324832,-3.6273155,3.0279865,9.6610737,16.378523,23.008053,29.687248,36.381878,43.05302,,,,,,,,,,,,,,,,,,,,,,,,,,,,,,,,,,,,,,,
0.47,,,,,,,,,,,,,,,,,,,,,,,,,,,,,,,,,,,,,,,,,,,,,,,,,,,,,,,,,,,,,,,,,,,,,,,,,,,,,,,,,,,,,,,,,,,,,,,,,,,,,,,,,,,,,,,,,,,,,,,,,,,,,,,,,,,-37.002014,-30.296644,-23.713423,-17.039597,-10.362416,-3.6215436,2.9189932,9.6677856,16.296644,22.97584,29.689262,36.31879,43.009396,,,,,,,,,,,,,,,,,,,,,,,,,,,,,,,,,,,,,,
0.48,,,,,,,,,,,,,,,,,,,,,,,,,,,,,,,,,,,,,,,,,,,,,,,,,,,,,,,,,,,,,,,,,,,,,,,,,,,,,,,,,,,,,,,,,,,,,,,,,,,,,,,,,,,,,,,,,,,,,,,,,,,,,,,,,,,-43.643623,-36.957047,-30.313423,-23.664429,-16.993959,-10.295302,-3.647651,3.0124831,9.6563759,16.353691,23.063759,29.714766,36.324162,43.038254,,,,,,,,,,,,,,,,,,,,,,,,,,,,,,,,,,,,,
0.49,,,,,,,,,,,,,,,,,,,,,,,,,,,,,,,,,,,,,,,,,,,,,,,,,,,,,,,,,,,,,,,,,,,,,,,,,,,,,,,,,,,,,,,,,,,,,,,,,,,,,,,,,,,,,,,,,,,,,,,,,,,,,,,,,,,,,-37.027515,-30.324162,-23.685905,-16.994631,-10.377181,-3.6414764,2.9336913,9.6456375,16.369799,23.004026,29.679195,36.299328,43.101341,,,,,,,,,,,,,,,,,,,,,,,,,,,,,,,,,,,,
0.5,,,,,,,,,,,,,,,,,,,,,,,,,,,,,,,,,,,,,,,,,,,,,,,,,,,,,,,,,,,,,,,,,,,,,,,,,,,,,,,,,,,,,,,,,,,,,,,,,,,,,,,,,,,,,,,,,,,,,,,,,,,,,,,,,,,,,,-36.979866,-30.308725,-23.635571,-17.030872,-10.314094,-3.6514766,2.9723489,9.7322149,16.356377,23.023489,29.683222,36.423489,43.083893,,,,,,,,,,,,,,,,,,,,,,,,,,,,,,,,,,,
0.51,,,,,,,,,,,,,,,,,,,,,,,,,,,,,,,,,,,,,,,,,,,,,,,,,,,,,,,,,,,,,,,,,,,,,,,,,,,,,,,,,,,,,,,,,,,,,,,,,,,,,,,,,,,,,,,,,,,,,,,,,,,,,,,,,,,,,,,,,-23.708725,-16.981878,-10.387919,-3.6844966,3.0009396,9.6375837,16.313423,23.01745,29.781879,36.363087,,,,,,,,,,,,,,,,,,,,,,,,,,,,,,,,,,,
0.52,,,,,,,,,,,,,,,,,,,,,,,,,,,,,,,,,,,,,,,,,,,,,,,,,,,,,,,,,,,,,,,,,,,,,,,,,,,,,,,,,,,,,,,,,,,,,,,,,,,,,,,,,,,,,,,,,,,,,,,,,,,,,,,,,,,,,,,,,,,-17.038927,-10.32953,-3.5897987,2.9812081,9.7093964,16.39463,23.110067,,,,,,,,,,,,,,,,,,,,,,,,,,,,,,,,,,,,
0.53,,,,,,,,,,,,,,,,,,,,,,,,,,,,,,,,,,,,,,,,,,,,,,,,,,,,,,,,,,,,,,,,,,,,,,,,,,,,,,,,,,,,,,,,,,,,,,,,,,,,,,,,,,,,,,,,,,,,,,,,,,,,,,,,,,,,,,,,,,,,-17.020134,-10.314094,-3.6729531,2.9841611,9.7208052,16.422819,,,,,,,,,,,,,,,,,,,,,,,,,,,,,,,,,,,,
0.54,,,,,,,,,,,,,,,,,,,,,,,,,,,,,,,,,,,,,,,,,,,,,,,,,,,,,,,,,,,,,,,,,,,,,,,,,,,,,,,,,,,,,,,,,,,,,,,,,,,,,,,,,,,,,,,,,,,,,,,,,,,,,,,,,,,,,,,,,,,,,-16.950336,-10.333557,-3.5899329,,,,,,,,,,,,,,,,,,,,,,,,,,,,,,,,,,,,,,
0.55,,,,,,,,,,,,,,,,,,,,,,,,,,,,,,,,,,,,,,,,,,,,,,,,,,,,,,,,,,,,,,,,,,,,,,,,,,,,,,,,,,,,,,,,,,,,,,,,,,,,,,,,,,,,,,,,,,,,,,,,,,,,,,,,,,,,,,,,,,,,,,,,,,,,,,,,,,,,,,,,,,,,,,,,,,,,,,,,,,,,,
0.56,,,,,,,,,,,,,,,,,,,,,,,,,,,,,,,,,,,,,,,,,,,,,,,,,,,,,,,,,,,,,,,,,,,,,,,,,,,,,,,,,,,,,,,,,,,,,,,,,,,,,,,,,,,,,,,,,,,,,,,,,,,,,,,,,,,,,,,,,,,,,,,,,,,,,,,,,,,,,,,,,,,,,,,,,,,,,,,,,,,,,
0.57,,,,,,,,,,,,,,,,,,,,,,,,,,,,,,,,,,,,,,,,,,,,,,,,,,,,,,,,,,,,,,,,,,,,,,,,,,,,,,,,,,,,,,,,,,,,,,,,,,,,,,,,,,,,,,,,,,,,,,,,,,,,,,,,,,,,,,,,,,,,,,,,,,,,,,,,,,,,,,,,,,,,,,,,,,,,,,,,,,,,,
0.58,,,,,,,,,,,,,,,,,,,,,,,,,,,,,,,,,,,,,,,,,,,,,,,,,,,,,,,,,,,,,,,,,,,,,,,,,,,,,,,,,,,,,,,,,,,,,,,,,,,,,,,,,,,,,,,,,,,,,,,,,,,,,,,,,,,,,,,,,,,,,,,,,,,,,,,23.084564,,,,,,,,,,,,,,,,,,,,,,,,,,,,,,
0.59,,,,,,,,,,,,,,,,,,,,,,,,,,,,,,,,,,,,,,,,,,,,,,,,,,,,,,,,,,,,,,,,,,,,,,,,,,,,,,,,,,,,,,,,,,,,,,,,,,,,,,,,,,,,,,,,,,,,,,,,,,,,,,,,,,,,,,,,,,,,,,,,,,,,,,9.8134232,16.446308,,,,,,,,,,,,,,,,,,,,,,,,,,,,,,
0.6,,,,,,,,,,,,,,,,,,,,,,,,,,,,,,,,,,,,,,,,,,,,,,,,,,,,,,,,,,,,,,,,,,,,,,,,,,,,,,,,,,,,,,,,,,,,,,,,,,,,,,,,,,,,,,,,,,,,,,,,,,,,,,,,,,,,,,,,,,,,,,,,,,,,,,3.0910068,9.7557049,16.444296,,,,,,,,,,,,,,,,,,,,,,,,,,,,,
0.61,,,,,,,,,,,,,,,,,,,,,,,,,,,,,,,,,,,,,,,,,,,,,,,,,,,,,,,,,,,,,,,,,,,,,,,,,,,,,,,,,,,,,,,,,,,,,,,,,,,,,,,,,,,,,,,,,,,,,,,,,,,,,,,,,,,,,,,,,,,,,,,,,,,,,,,3.0669799,,,,,,,,,,,,,,,,,,,,,,,,,,,,,,
0.62,,,,,,,,,,,,,,,,,,,,,,,,,,,,,,,,,,,,,,,,,,,,,,,,,,,,,,,,,,,,,,,,,,,,,,,,,,,,,,,,,,,,,,,,,,,,,,,,,,,,,,,,,,,,,,,,,,,,,,,,,,,,,,,,,,,,,,,,,,,,,,,,,,,,,,,,,,,,,,,,,,,,,,,,,,,,,,,,,,,,,
0.63,,,,,,,,,,,,,,,,,,,,,,,,,,,,,,,,,,,,,,,,,,,,,,,,,,,,,,,,,,,,,,,,,,,,,,,,,,,,,,,,,,,,,,,,,,,,,,,,,,,,,,,,,,,,,,,,,,,,,,,,,,,,,,,,,,,,,,,,,,,,,,,,,,,,,,,,,,,,,,,,,,,,,,,,,,,,,,,,,,,,,
0.64,,,,,,,,,,,,,,,,,,,,,,,,,,,,,,,,,,,,,,,,,,,,,,,,,,,,,,,,,,,,,,,,,,,,,,,,,,,,,,,,,,,,,,,,,,,,,,,,,,,,,,,,,,,,,,,,,,,,,,,,,,,,,,,,,,,,,,,,,,,,,,,,,,,,,,,,,,,,,,,,,,,,,,,,,,,,,,,,,,,,,
0.65,,,,,,,,,,,,,,,,,,,,,,,,,,,,,,,,,,,,,,,,,,,,,,,,,,,,,,,,,,,,,,,,,,,,,,,,,,,,,,,,,,,,,,,,,,,,,,,,,,,,,,,,,,,,,,,,,,,,,,,,,,,,,,,,,,,,,,,,,,,,,,,,,,,,,,,,,,,,,,,,,,,,,,,,,,,,,,,,,,,,,
0.66,,,,,,,,,,,,,,,,,,,,,,,,,,,,,,,,,,,,,,,,,,,,,,,,,,,,,,,,,,,,,,,,,,,,,,,,,,,,,,,,,,,,,,,,,,,,,,,,,,,,,,,,,,,,,,,,,,,,,,,,,,,,,,,,,,,,,,,,,,,,,,,,,,,,,,,,,,,,,,,,,,,,,,,,,,,,,,,,,,,,,
0.67,,,,,,,,,,,,,,,,,,,,,,,,,,,,,,,,,,,,,,,,,,,,,,,,,,,,,,,,,,,,,,,,,,,,,,,,,,,,,,,,,,,,,,,,,,,,,,,,,,,,,,,,,,,,,,,,,,,,,,,,,,,,,,,,,,,,,,,,,,,,,,,,,,,,,,,,,,,,,,,,,,,,,,,,,,,,,,,,,,,,,
0.68,,,,,,,,,,,,,,,,,,,,,,,,,,,,,,,,,,,,,,,,,,,,,,,,,,,,,,,,,,,,,,,,,,,,,,,,,,,,,,,,,,,,,,,,,,,,,,,,,,,,,,,,,,,,,,,,,,,,,,,,,,,,,,,,,,,,,,,,,,,,,,,,,,,,,,,,,,,,,,,,,,,,,,,,,,,,,,,,,,,,,
0.69,,,,,,,,,,,,,,,,,,,,,,,,,,,,,,,,,,,,,,,,,,,,,,,,,,,,,,,,,,,,,,,,,,,,,,,,,,,,,,,,,,,,,,,,,,,,,,,,,,,,,,,,,,,,,,,,,,,,,,,,,,,,,,,,,,,,,,,,,,,,,,,,,,,,,,,,,,,,,,,,,,,,,,,,,,,,,,,,,,,,,
0.7,,,,,,,,,,,,,,,,,,,,,,,,,,,,,,,,,,,,,,,,,,,,,,,,,,,,,,,,,,,,,,,,,,,,,,,,,,,,,,,,,,,,,,,,,,,,,,,,,,,,,,,,,,,,,,,,,,,,,,,,,,,,,,,,,,,,,,,,,,,,,,,,,,,,,,,,,,,,,,,,,,,,,,,,,,,,,,,,,,,,,
0.71,,,,,,,,,,,,,,,,,,,,,,,,,,,,,,,,,,,,,,,,,,,,,,,,,,,,,,,,,,,,,,,,,,,,,,,,,,,,,,,,,,,,,,,,,,,,,,,,,,,,,,,,,,,,,,,,,,,,,,,,,,,,,,,,,,,,,,,,,,,,,,,,,,,,,,,,,,,,,,,,,,,,,,,,,,,,,,,,,,,,,
0.72,,,,,,,,,,,,,,,,,,,,,,,,,,,,,,,,,,,,,,,,,,,,,,,,,,,,,,,,,,,,,,,,,,,,,,,,,,,,,,,,,,,,,,,,,,,,,,,,,,,,,,,,,,,,,,,,,,,,,,,,,,,,,,,,,,,,,,,,,,,,,,,,,,,,,,,,,,,,,,,,,,,,,,,,,,,,,,,,,,,,,
0.73,,,,,,,,,,,,,,,,,,,,,,,,,,,,,,,,,,,,,,,,,,,,,,,,,,,,,,,,,,,,,,,,,,,,,,,,,,,,,,,,,,,,,,,,,,,,,,,,,,,,,,,,,,,,,,,,,,,,,,,,,,,,,,,,,,,,,,,,,,,,,,,,,,,,,,,,,,,,,,,,,,,,,,,,,,,,,,,,,,,,,
0.74,,,,,,,,,,,,,,,,,,,,,,,,,,,,,,,,,,,,,,,,,,,,,,,,,,,,,,,,,,,,,,,,,,,,,,,,,,,,,,,,,,,,,,,,,,,,,,,,,,,,,,,,,,,,,,,,,,,,,,,,,,,,,,,,,,,,,,,,,,,,,,,,,,,,,,,,,,,,,,,,,,,,,,,,,,,,,,,,,,,,,
0.75,,,,,,,,,,,,,,,,,,,,,,,,,,,,,,,,,,,,,,,,,,,,,,,,,,,,,,,,,,,,,,,,,,,,,,,,,,,,,,,,,,,,,,,,,,,,,,,,,,,,,,,,,,,,,,,,,,,,,,,,,,,,,,,,,,,,,,,,,,,,,,,,,,,,,,,,,,,,,,,,,,,,,,,,,,,,,,,,,,,,,
0.76,,,,,,,,,,,,,,,,,,,,,,,,,,,,,,,,,,,,,,,,,,,,,,,,,,,,,,,,,,,,,,,,,,,,,,,,,,,,,,,,,,,,,,,,,,,,,,,,,,,,,,,,,,,,,,,,,,,,,,,,,,,,,,,,,,,,,,,,,,,,,,,,,,,,,,,,,,,,,,,,,,,,,,,,,,,,,,,,,,,,,
0.77,,,,,,,,,,,,,,,,,,,,,,,,,,,,,,,,,,,,,,,,,,,,,,,,,,,,,,,,,,,,,,,,,,,,,,,,,,,,,,,,,,,,,,,,,,,,,,,,,,,,,,,,,,,,,,,,,,,,,,,,,,,,,,,,,,,,,,,,,,,,,,,,,,,,,,,,,,,,,,,,,,,,,,,,,,,,,,,,,,,,,
0.78,,,,,,,,,,,,,,,,,,,,,,,,,,,,,,,,,,,,,,,,,,,,,,,,,,,,,,,,,,,,,,,,,,,,,,,,,,,,,,,,,,,,,,,,,,,,,,,,,,,,,,,,,,,,,,,,,,,,,,,,,,,,,,,,,,,,,,,,,,,,,,,,,,,,,,,,,,,,,,,,,,,,,,,,,,,,,,,,,,,,,
0.79,,,,,,,,,,,,,,,,,,,,,,,,,,,,,,,,,,,,,,,,,,,,,,,,,,,,,,,,,,,,,,,,,,,,,,,,,,,,,,,,,,,,,,,,,,,,,,,,,,,,,,,,,,,,,,,,,,,,,,,,,,,,,,,,,,,,,,,,,,,,,,,,,,,,,,,,,,,,,,,,,,,,,,,,,,,,,,,,,,,,,
0.8,,,,,,,,,,,,,,,,,,,,,,,,,,,,,,,,,,,,,,,,,,,,,,,,,,,,,,,,,,,,,,,,,,,,,,,,,,,,,,,,,,,,,,,,,,,,,,,,,,,,,,,,,,,,,,,,,,,,,,,,,,,,,,,,,,,,,,,,,,,,,,,,,,,,,,,,,,,,,,,,,,,,,,,,,,,,,,,,,,,,,
0.81,,,,,,,,,,,,,,,,,,,,,,,,,,,,,,,,,,,,,,,,,,,,,,,,,,,,,,,,,,,,,,,,,,,,,,,,,,,,,,,,,,,,,,,,,,,,,,,,,,,,,,,,,,,,,,,,,,,,,,,,,,,,,,,,,,,,,,,,,,,,,,,,,,,,,,,,,,,,,,,,,,,,,,,,,,,,,,,,,,,,,
0.82,,,,,,,,,,,,,,,,,,,,,,,,,,,,,,,,,,,,,,,,,,,,,,,,,,,,,,,,,,,,,,,,,,,,,,,,,,,,,,,,,,,,,,,,,,,,,,,,,,,,,,,,,,,,,,,,,,,,,,,,,,,,,,,,,,,,,,,,,,,,,,,,,,,,,,,,,,,,,,,,,,,,,,,,,,,,,,,,,,,,,
0.83,,,,,,,,,,,,,,,,,,,,,,,,,,,,,,,,,,,,,,,,,,,,,,,,,,,,,,,,,,,,,,,,,,,,,,,,,,,,,,,,,,,,,,,,,,,,,,,,,,,,,,,,,,,,,,,,,,,,,,,,,,,,,,,,,,,,,,,,,,,,,,,,,,,,,,,,,,,,,,,,,,,,,,,,,,,,,,,,,,,,,
0.84,,,,,,,,,,,,,,,,,,,,,,,,,,,,,,,,,,,,,,,,,,,,,,,,,,,,,,,,,,,,,,,,,,,,,,,,,,,,,,,,,,,,,,,,,,,,,,,,,,,,,,,,,,,,,,,,,,,,,,,,,,,,,,,,,,,,,,,,,,,,,,,,,,,,,,,,,,,,,,,,,,,,,,,,,,,,,,,,,,,,,
0.85,,,,,,,,,,,,,,,,,,,,,,,,,,,,,,,,,,,,,,,,,,,,,,,,,,,,,,,,,,,,,,,,,,,,,,,,,,,,,,,,,,,,,,,,,,,,,,,,,,,,,,,,,,,,,,,,,,,,,,,,,,,,,,,,,,,,,,,,,,,,,,,,,,,,,,,,,,,,,,,,,,,,,,,,,,,,,,,,,,,,,
0.86,,,,,,,,,,,,,,,,,,,,,,,,,,,,,,,,,,,,,,,,,,,,,,,,,,,,,,,,,,,,,,,,,,,,,,,,,,,,,,,,,,,,,,,,,,,,,,,,,,,,,,,,,,,,,,,,,,,,,,,,,,,,,,,,,,,,,,,,,,,,,,,,,,,,,,,,,,,,,,,,,,,,,,,,,,,,,,,,,,,,,
0.87,,,,,,,,,,,,,,,,,,,,,,,,,,,,,,,,,,,,,,,,,,,,,,,,,,,,,,,,,,,,,,,,,,,,,,,,,,,,,,,,,,,,,,,,,,,,,,,,,,,,,,,,,,,,,,,,,,,,,,,,,,,,,,,,,,,,,,,,,,,,,,,,,,,,,,,,,,,,,,,,,,,,,,,,,,,,,,,,,,,,,
0.88,,,,,,,,,,,,,,,,,,,,,,,,,,,,,,,,,,,,,,,,,,,,,,,,,,,,,,,,,,,,,,,,,,,,,,,,,,,,,,,,,,,,,,,,,,,,,,,,,,,,,,,,,,,,,,,,,,,,,,,,,,,,,,,,,,,,,,,,,,,,,,,,,,,,,,,,,,,,,,,,,,,,,,,,,,,,,,,,,,,,,
0.89,,,,,,,,,,,,,,,,,,,,,,,,,,,,,,,,,,,,,,,,,,,,,,,,,,,,,,,,,,,,,,,,,,,,,,,,,,,,,,,,,,,,,,,,,,,,,,,,,,,,,,,,,,,,,,,,,,,,,,,,,,,,,,,,,,,,,,,,,,,,,,,,,,,,,,,,,,,,,,,,,,,,,,,,,,,,,,,,,,,,,
0.9,,,,,,,,,,,,,,,,,,,,,,,,,,,,,,,,,,,,,,,,,,,,,,,,,,,,,,,,,,,,,,,,,,,,,,,,,,,,,,,,,,,,,,,,,,,,,,,,,,,,,,,,,,,,,,,,,,,,,,,,,,,,,,,,,,,,,,,,,,,,,,,,,,,,,,,,,,,,,,,,,,,,,,,,,,,,,,,,,,,,,
