,-202,-199,-196,-193,-190,-187,-184,-181,-178,-175,-172,-169,-166,-163,-160,-157,-154,-151,-148,-145,-142,-139,-136,-133,-130,-127,-124,-121,-118,-115,-112,-109,-106,-103,-100,-97,-94,-91,-88,-85,-82,-79,-76,-73,-70,-67,-64,-61,-58,-55,-52,-49,-46,-43,-40,-37,-34,-31,-28,-25,-22,-19,-16,-13,-10,-7,-4,-1,2,5,8,11,14,17,20,23,26,29,32,35,38,41,44,47,50,53,56,59,62,65,68,71,74,77,80,83,86,89,92,95,98,101,104,107,110,113,116,119,122,125,128,131,134,137,140,143,146,149,152,155,158,161,164,167,170,173,176,179,182,185,188,191,194,197,200,203
-202,,,,,,,,,,,,,,,,,,,,,,,,,,,,,,,,,,,,,,,,,,,,,,,,,,,,,,,,,,,,,,,,,,,,,,,,,,,,,,,,,,,,,,,,,,,,,,,,,,,,,,,,,,,,,,,,,,,,,,,,,,,,,,,,,,,,,,,,
-199,,,,,,,,,,,,,,,,,,,,,,,,,,,,,,,,,,,,,,,,,,,,,,,,,,,,,,,,,,,,,,,,,,,,,,,,,,,,,,,,,,,,,,,,,,,,,,,,,,,,,,,,,,,,,,,,,,,,,,,,,,,,,,,,,,,,,,,,
-196,,,,,,,,,,,,,,,,,,,,,,,,,,,,,,,,,,,,,,,,,,,,,,,,,,,,,,,,,,,,,,,,,,,,,,,,,,,,,,,,,,,,,,,,,,,,,,,,,,,,,,,,,,,,,,,,,,,,,,,,,,,,,,,,,,,,,,,,
-193,,,,,,,,,,,,,,,,,,,,,,,,,,,,,,,,,,,,,,,,,,,,,,,,,,,,,,,,,,,,,,,,,,,,,,,,,,,,,,,,,,,,,,,,,,,,,,,,,,,,,,,,,,,,,,,,,,,,,,,,,,,,,,,,,,,,,,,,
-190,,,,,,,,,,,,,,,,,,,,,,,,,,,,,,,,,,,,,,,,,,,,,,,,,,,,,,,,,,,,,,,,,,,,,,,,,,,,,,,,,,,,,,,,,,,,,,,,,,,,,,,,,,,,,,,,,,,,,,,,,,,,,,,-0.49384001,,,,,,,,,
-187,,,,,,,,,,,,,,,,,,,,,,,,,,,,,,,,,,,,,,,,,,,,,,,,,,,,,,,,,,,,,,,,,,,,,,,,,,,,,,,,,,,,,,,,,,,,,,,,,,,,,,,,,,,,,,,,,,,,,,,,,,,,,,-0.49654999,-0.48967001,,,,,,,,,
-184,,,,,,,,,,,,,,,,,,,,,,,,,,,,,,,,,,,,,,,,,,,,,,,,,,,,,,,,,,,,,,,,,,,,,,,,,,,,,,,,,,,,,,,,,,,,,,,,,,,,,,,,,,,,,,,,,,,,,,,,,,,,-0.50637001,-0.49959001,-0.49250001,-0.48541,,,,,,,,,
-181,,,,,,,,,,,,,,,,,,,,,,,,,,,,,,,,,,,,,,,,,,,,,,,,,,,,,,,,,,,,,,,,,,,,,,,,,,,,,,,,,,,,,,,,,,,,,,,,,,,,,,,,,,,,,,,,,,,,,,,,,,-0.51595002,-0.50941998,-0.50243998,-0.49542001,-0.48815,-0.48084,,,,,,,,,
-178,,,,,,,,,,,,,,,,,,,,,,,,,,,,,,,,,,,,,,,,,,,,,,,,,,,,,,,,,,,,,,,,,,,,,,,,,,,,,,,,,,,,,,,,,,,,,,,,,,,,,,,,,,,,,,,,,,,,,,,,,-0.51883,-0.51216,-0.50542998,-0.49827999,-0.49112999,-0.48363999,-0.47597,,,,,,,,,
-175,,,,,,,,,,,,,,,,,,,,,,,,,,,,,,,,,,,,,,,,,,,,,,,,,,,,,,,,,,,,,,,,,,,,,,,,,,,,,,,,,,,,,,,,,,,,,,,,,,,,,,,,,,,,,,,,,,,,,,,-0.52806002,-0.52173001,-0.51503998,-0.50826001,-0.50134999,-0.49401,-0.48664001,-0.47882,-0.47075999,,,,,,,,,
-172,,,,,,,,,,,,,,,,,,,,,,,,,,,,,,,,,,,,,,,,,,,,,,,,,,,,,,,,,,,,,,,,,,,,,,,,,,,,,,,,,,,,,,,,,,,,,,,,,,,,,,,,,,,,,,,,,,,,,,-0.53122002,-0.52449,-0.51789999,-0.51108998,-0.50414997,-0.49707001,-0.48942,-0.48177001,-0.47358,-0.46517,,,,,,,,,
-169,,,,,,,,,,,,,,,,,,,,,,,,,,,,,,,,,,,,,,,,,,,,,,,,,,,,,,,,,,,,,,,,,,,,,,,,,,,,,,,,,,,,,,,,,,,,,,,,,,,,,,,,,,,,,,,,,,,,,-0.53413999,-0.52754998,-0.52070999,-0.51398998,-0.50698,-0.49991,-0.49239999,-0.48462,-0.47656,-0.46787,-0.45895001,,,,,,,,,
-166,,,,,,,,,,,,,,,,,,,,,,,,,,,,,,,,,,,,,,,,,,,,,,,,,,,,,,,,,,,,,,,,,,,,,,,,,,,,,,,,,,,,,,,,,,,,,,,,,,,,,,,,,,,,,,,,,,,,-0.53684002,-0.53049999,-0.52377999,-0.51682001,-0.50984001,-0.50272,-0.49539,-0.48767,-0.47953001,-0.47093001,-0.46166,-0.45221001,,,,,,,,,
-163,,,,,,,,,,,,,,,,,,,,,,,,,,,,,,,,,,,,,,,,,,,,,,,,,,,,,,,,,,,,,,,,,,,,,,,,,,,,,,,,,,,,,,,,,,,,,,,,,,,,,,,,,,,,,,,,,,-0.54584002,-0.53979999,-0.53321999,-0.52687001,-0.51991999,-0.51279002,-0.50568998,-0.49825001,-0.49064001,-0.48251,-0.47404,-0.46483999,-0.45477,-0.44451001,,,,,,,,,
-160,,,,,,,,,,,,,,,,,,,,,,,,,,,,,,,,,,,,,,,,,,,,,,,,,,,,,,,,,,,,,,,,,,,,,,,,,,,,,,,,,,,,,,,,,,,,,,,,,,,,,,,,,,,,,,,,,-0.54760998,-0.54228002,-0.53614002,-0.52951998,-0.52304,-0.51586002,-0.50854999,-0.50129002,-0.49355,-0.48548001,-0.47688001,-0.46774,-0.45793,-0.44703999,-0.43527001,,,,,,,,,
-157,,,,,,,,,,,,,,,,,,,,,,,,,,,,,,,,,,,,,,,,,,,,,,,,,,,,,,,,,,,,,,,,,,,,,,,,,,,,,,,,,,,,,,,,,,,,,,,,,,,,,,,,,,,,,,,,-0.55032998,-0.54438001,-0.53868002,-0.53241003,-0.52569002,-0.51902997,-0.51164001,-0.50419003,-0.49662,-0.48846,-0.47992,-0.47066,-0.46079999,-0.45006001,-0.43797001,,,,,,,,,,
-154,,,,,,,,,,,,,,,,,,,,,,,,,,,,,,,,,,,,,,,,,,,,,,,,,,,,,,,,,,,,,,,,,,,,,,,,,,,,,,,,,,,,,,,,,,,,,,,,,,,,,,,,,,,,,,,-0.55337,-0.54727,-0.54096001,-0.53505999,-0.52868003,-0.52177,-0.51475,-0.50721002,-0.49948001,-0.49140999,-0.48295999,-0.47386,-0.46384999,-0.45300999,-0.44100001,-0.42715999,,,,,,,,,,
-151,,,,,,,,,,,,,,,,,,,,,,,,,,,,,,,,,,,,,,,,,,,,,,,,,,,,,,,,,,,,,,,,,,,,,,,,,,,,,,,,,,,,,,,,,,,,,,,,,,,,,,,,,,,,,,-0.55618,-0.55024999,-0.54385,-0.53735,-0.53126001,-0.52476001,-0.51748002,-0.51033002,-0.50239998,-0.49432001,-0.48587999,-0.47696,-0.46713001,-0.45637,-0.44369999,-0.42982,-0.41281,-0.38995999,,,,,,,,,
-148,,,,,,,,,,,,,,,,,,,,,,,,,,,,,,,,,,,,,,,,,,,,,,,,,,,,,,,,,,,,,,,,,,,,,,,,,,,,,,,,,,,,,,,,,,,,,,,,,,,,,,,,,,,,,-0.55917001,-0.55306,-0.54683,-0.54026997,-0.53359997,-0.52724999,-0.52043998,-0.51301998,-0.50558001,-0.4973,-0.48866999,-0.47977999,-0.47018,-0.45949,-0.44677001,-0.43261001,-0.41558,-0.39276001,-0.35640001,,,,,,,,,
-145,,,,,,,,,,,,,,,,,,,,,,,,,,,,,,,,,,,,,,,,,,,,,,,,,,,,,,,,,,,,,,,,,,,,,,,,,,,,,,,,,,,,,,,,,,,,,,,,,,,,,,,,,,,,-0.56216002,-0.55607998,-0.54961997,-0.54330999,-0.53645998,-0.52967,-0.52306002,-0.51608998,-0.50836003,-0.50048,-0.49180001,-0.48286,-0.47301,-0.46237001,-0.45030001,-0.43592,-0.41835001,-0.39557999,-0.3585,,,,,,,,,,
-142,,,,,,,,,,,,,,,,,,,,,,,,,,,,,,,,,,,,,,,,,,,,,,,,,,,,,,,,,,,,,,,,,,,,,,,,,,,,,,,,,,,,,,,,,,,,,,,,,,,,,,,,,,,-0.56502998,-0.55895001,-0.55261999,-0.54598999,-0.53947997,-0.53244001,-0.52544999,-0.5187,-0.51138997,-0.50322002,-0.49496999,-0.48574001,-0.47609001,-0.46522999,-0.45295,-0.43933001,-0.42128,-0.39809,-0.36025,,,,,,,,,,,
-139,,,,,,,,,,,,,,,,,,,,,,,,,,,,,,,,,,,,,,,,,,,,,,,,,,,,,,,,,,,,,,,,,,,,,,,,,,,,,,,,,,,,,,,,,,,,,,,,,,,,,,,,,,-0.56772,-0.56193,-0.55554003,-0.54896998,-0.54228002,-0.53553998,-0.52832001,-0.52095997,-0.51396,-0.50625998,-0.49776,-0.48879001,-0.479,-0.46838,-0.45601001,-0.44246,-0.42519,-0.40085,-0.36221001,,,,,,,,,,,,
-136,,,,,,,,,,,,,,,,,,,,,,,,,,,,,,,,,,,,,,,,,,,,,,,,,,,,,,,,,,,,,,,,,,,,,,,,,,,,,,,,,,,,,,,,,,,,,,,,,,,,,,,,,-0.57053,-0.56454998,-0.55844998,-0.55186999,-0.54525,-0.53836,-0.53128999,-0.52385998,-0.51617998,-0.50875002,-0.50072002,-0.49149999,-0.48212001,-0.47106999,-0.45925,-0.44512999,-0.42778999,-0.40482,-0.36427,-0.22576,,,,,,,,,,,,
-133,,,,,,,,,,,,,,,,,,,,,,,,,,,,,,,,,,,,,,,,,,,,,,,,,,,,,,,,,,,,,,,,,,,,,,,,,,,,,,,,,,,,,,,,,,,,,,,,,,,,,,,,-0.57343,-0.56748998,-0.56121999,-0.55497003,-0.54822999,-0.54145002,-0.53438997,-0.52701002,-0.51920998,-0.51137,-0.50347,-0.49472001,-0.48493999,-0.47466001,-0.46244001,-0.44847,-0.43122,-0.40864,-0.36939999,-0.23993,,,,,,,,,,,,,
-130,,,,,,,,,,,,,,,,,,,,,,,,,,,,,,,,,,,,,,,,,,,,,,,,,,,,,,,,,,,,,,,,,,,,,,,,,,,,,,,,,,,,,,,,,,,,,,,,,,,,,,,-0.57596999,-0.57021999,-0.56405002,-0.55760002,-0.55123001,-0.54424,-0.53728002,-0.52991003,-0.52227002,-0.51403999,-0.50576001,-0.49754,-0.48791,-0.47718999,-0.46557999,-0.45137,-0.43430999,-0.41093001,-0.37415999,-0.24885,,,,,,,,,,,,,,
-127,,,,,,,,,,,,,,,,,,,,,,,,,,,,,,,,,,,,,,,,,,,,,,,,,,,,,,,,,,,,,,,,,,,,,,,,,,,,,,,,,,,,,,,,,,,,,,,,,,,,,-0.58503002,-0.57902998,-0.57287002,-0.56676,-0.56044,-0.55386001,-0.54730999,-0.54009002,-0.53281999,-0.52533001,-0.51736999,-0.50845999,-0.49968001,-0.49081999,-0.48012999,-0.46814999,-0.45475,-0.43757001,-0.41448,-0.37689,-0.25832999,,,,,,,,,,,,,,,
-124,,,,,,,,,,,,,,,,,,,,,,,,,,,,,,,,,,,,,,,,,,,,,,,,,,,,,,,,,,,,,,,,,,,,,,,,,,,,,,,,,,,,,,,,,,,,,,,,,,,,-0.58739001,-0.58212,-0.57594001,-0.56962001,-0.56331998,-0.55678999,-0.55005997,-0.54348999,-0.53584999,-0.52824003,-0.52038997,-0.51203001,-0.50256997,-0.49302,-0.48321,-0.47174001,-0.45791,-0.44132999,-0.41855001,-0.38159999,-0.26989001,,,,,,,,,,,,,,,,
-121,,,,,,,,,,,,,,,,,,,,,,,,,,,,,,,,,,,,,,,,,,,,,,,,,,,,,,,,,,,,,,,,,,,,,,,,,,,,,,,,,,,,,,,,,,,,,,,,,,,-0.59020001,-0.58446997,-0.57874,-0.57248002,-0.56603998,-0.55953002,-0.55282003,-0.54584002,-0.53886002,-0.53109998,-0.52316999,-0.51490003,-0.50599003,-0.49575001,-0.48541,-0.47435999,-0.46088001,-0.44352001,-0.42104,-0.38394001,-0.26611,,,,,,,,,,,,,,,,,
-118,,,,,,,,,,,,,,,,,,,,,,,,,,,,,,,,,,,,,,,,,,,,,,,,,,,,,,,,,,,,,,,,,,,,,,,,,,,,,,,,,,,,,,,,,,,,,,,,,,-0.59281999,-0.58727998,-0.58126998,-0.57542002,-0.56893998,-0.56237,-0.55558002,-0.54870999,-0.54145002,-0.53415,-0.52608001,-0.51770997,-0.50887001,-0.49928999,-0.48785001,-0.47634,-0.46364999,-0.44663,-0.42410001,-0.38738999,-0.27364999,,,,,,,,,,,,,,,,,,
-115,,,,,,,,,,,,,,,,,,,,,,,,,,,,,,,,,,,,,,,,,,,,,,,,,,,,,,,,,,,,,,,,,,,,,,,,,,,,,,,,,,,,,,,,,,,,,,,,,-0.59601003,-0.59009999,-0.58411998,-0.57796001,-0.57195997,-0.56529999,-0.55856001,-0.55171001,-0.54457003,-0.53694999,-0.52932,-0.52081001,-0.51185,-0.50233001,-0.49175999,-0.47944999,-0.46593001,-0.45014,-0.42813,-0.39082,-0.28237,,,,,,,,,,,,,,,,,,,
-112,,,,,,,,,,,,,,,,,,,,,,,,,,,,,,,,,,,,,,,,,,,,,,,,,,,,,,,,,,,,,,,,,,,,,,,,,,,,,,,,,,,,,,,,,,,,,,,,-0.59852999,-0.59310001,-0.58684999,-0.58067,-0.57448,-0.56816,-0.56129998,-0.55439001,-0.54716998,-0.53979999,-0.53182,-0.52376997,-0.51476002,-0.50509,-0.49445,-0.48271,-0.46842,-0.45190001,-0.43099999,-0.39362001,-0.27880001,,,,,,,,,,,,,,,,,,,,
-109,,,,,,,,,,,,,,,,,,,,,,,,,,,,,,,,,,,,,,,,,,,,,,,,,,,,,,,,,,,,,,,,,,,,,,,,,,,,,,,,,,,,,,,,,,,,,,,-0.60145998,-0.59564,-0.58987999,-0.58346999,-0.57722002,-0.57081002,-0.56422001,-0.55715001,-0.55012,-0.54250002,-0.53472,-0.52640998,-0.51784998,-0.50828999,-0.49743,-0.48569,-0.47149,-0.45493999,-0.43167999,-0.39697,-0.27939001,,,,,,,,,,,,,,,,,,,,,
-106,,,,,,,,,,,,,,,,,,,,,,,,,,,,,,,,,,,,,,,,,,,,,,,,,,,,,,,,,,,,,,,,,,,,,,,,,,,,,,,,,,,,,,,,,,,,,,-0.60435998,-0.59859997,-0.59249002,-0.58657998,-0.58001,-0.57354999,-0.56691003,-0.56011999,-0.55282003,-0.54538,-0.53749001,-0.52923,-0.52045,-0.51128,-0.5007,-0.48866999,-0.47462001,-0.45749,-0.43528,-0.39746001,-0.29528999,,,,,,,,,,,,,,,,,,,,,,
-103,,,,,,,,,,,,,,,,,,,,,,,,,,,,,,,,,,,,,,,,,,,,,,,,,,,,,,,,,,,,,,,,,,,,,,,,,,,,,,,,,,,,,,,,,,,,,-0.60712999,-0.60148001,-0.59544998,-0.58923,-0.58310002,-0.57633001,-0.56984001,-0.56282002,-0.55598998,-0.54822999,-0.54040003,-0.53215998,-0.52345002,-0.51379001,-0.50379002,-0.49182999,-0.47782001,-0.46055001,-0.43733001,-0.39976999,-0.27118999,,,,,,,,,,,,,,,,,,,,,,,
-100,,,,,,,,,,,,,,,,,,,,,,,,,,,,,,,,,,,,,,,,,,,,,,,,,,,,,,,,,,,,,,,,,,,,,,,,,,,,,,,,,,,,,,,,,,,,-0.61009002,-0.60426003,-0.59829998,-0.59215999,-0.58578002,-0.5794,-0.57255,-0.56572998,-0.55848002,-0.55125999,-0.54316002,-0.53489,-0.52622998,-0.51672,-0.50623,-0.49491,-0.48108,-0.46373001,-0.44101,-0.40105,-0.27605,,,,,,,,,,,,,,,,,,,,,,,,
-97,,,,,,,,,,,,,,,,,,,,,,,,,,,,,,,,,,,,,,,,,,,,,,,,,,,,,,,,,,,,,,,,,,,,,,,,,,,,,,,,,,,,,,,,,,,-0.61273003,-0.60719001,-0.60108,-0.59500998,-0.58862001,-0.58206999,-0.57556999,-0.56848001,-0.56133002,-0.55391002,-0.54619998,-0.53776002,-0.52882999,-0.51955998,-0.50910997,-0.49733001,-0.48433,-0.46741,-0.44413,-0.40606999,-0.25490999,,,,,,,,,,,,,,,,,,,,,,,,,
-94,,,,,,,,,,,,,,,,,,,,,,,,,,,,,,,,,,,,,,,,,,,,,,,,,,,,,,,,,,,,,,,,,,,,,,,,,,,,,,,,,,,,,,,,,,-0.61606002,-0.6099,-0.60413003,-0.59780002,-0.59153998,-0.58506,-0.57832003,-0.57159001,-0.56419998,-0.55673999,-0.54901999,-0.54089999,-0.53195,-0.52232999,-0.51216,-0.50037998,-0.48651999,-0.47058001,-0.44779,-0.40893999,-0.28196001,,,,,,,,,,,,,,,,,,,,,,,,,,
-91,,,,,,,,,,,,,,,,,,,,,,,,,,,,,,,,,,,,,,,,,,,,,,,,,,,,,,,,,,,,,,,,,,,,,,,,,,,,,,,,,,,,,,,,-0.62415999,-0.61879998,-0.61328,-0.60683,-0.60077,-0.59438002,-0.58794999,-0.58121997,-0.57427001,-0.56730998,-0.55961001,-0.55181003,-0.54358,-0.53505999,-0.52525997,-0.51462001,-0.50365001,-0.48969001,-0.4725,-0.45098999,-0.41378999,-0.28755999,,,,,,,,,,,,,,,,,,,,,,,,,,,
-88,,,,,,,,,,,,,,,,,,,,,,,,,,,,,,,,,,,,,,,,,,,,,,,,,,,,,,,,,,,,,,,,,,,,,,,,,,,,,,,,,,,,,,,-0.62707001,-0.62150002,-0.61594999,-0.61017001,-0.60355997,-0.59728003,-0.59078997,-0.58407998,-0.57708001,-0.56992,-0.56269002,-0.55470997,-0.54640001,-0.53758001,-0.52832001,-0.51763999,-0.50573999,-0.49272001,-0.47564,-0.45245999,-0.41672,-0.29459,,,,,,,,,,,,,,,,,,,,,,,,,,,,
-85,,,,,,,,,,,,,,,,,,,,,,,,,,,,,,,,,,,,,,,,,,,,,,,,,,,,,,,,,,,,,,,,,,,,,,,,,,,,,,,,,,,,,,-0.62987,-0.62453002,-0.61860001,-0.61284,-0.60696,-0.60014999,-0.59364998,-0.58697999,-0.58015001,-0.57287002,-0.56537002,-0.55778003,-0.54940999,-0.54061002,-0.53113002,-0.52081001,-0.50892001,-0.49502,-0.47883999,-0.45548001,-0.41822001,-0.30733001,,,,,,,,,,,,,,,,,,,,,,,,,,,,,
-82,,,,,,,,,,,,,,,,,,,,,,,,,,,,,,,,,,,,,,,,,,,,,,,,,,,,,,,,,,,,,,,,,,,,,,,,,,,,,,,,,,,,,-0.63281,-0.62730002,-0.62158,-0.61546999,-0.60955,-0.60345,-0.59653002,-0.58981001,-0.58298999,-0.57585001,-0.56823999,-0.56041998,-0.55237001,-0.54338998,-0.53390998,-0.52354002,-0.51208001,-0.49811,-0.48072001,-0.45855001,-0.42146999,-0.2773,,,,,,,,,,,,,,,,,,,,,,,,,,,,,,
-79,,,,,,,,,,,,,,,,,,,,,,,,,,,,,,,,,,,,,,,,,,,,,,,,,,,,,,,,,,,,,,,,,,,,,,,,,,,,,,,,,,,,-0.63546002,-0.63011003,-0.62432998,-0.61839998,-0.61216998,-0.60617,-0.59983999,-0.59268999,-0.58578002,-0.57870001,-0.57132,-0.56331998,-0.55511999,-0.54646999,-0.53693002,-0.52621001,-0.51462001,-0.50103003,-0.48387,-0.46057999,-0.42366001,-0.28387001,,,,,,,,,,,,,,,,,,,,,,,,,,,,,,,
-76,,,,,,,,,,,,,,,,,,,,,,,,,,,,,,,,,,,,,,,,,,,,,,,,,,,,,,,,,,,,,,,,,,,,,,,,,,,,,,,,,,,-0.63850999,-0.63279003,-0.62717003,-0.62128001,-0.61517,-0.60878003,-0.60258001,-0.59605002,-0.58863002,-0.58149999,-0.57413,-0.56637001,-0.55805999,-0.54927999,-0.53978997,-0.52930999,-0.51747,-0.50351,-0.48717999,-0.46349001,-0.42311999,-0.28994,,,,,,,,,,,,,,,,,,,,,,,,,,,,,,,,
-73,,,,,,,,,,,,,,,,,,,,,,,,,,,,,,,,,,,,,,,,,,,,,,,,,,,,,,,,,,,,,,,,,,,,,,,,,,,,,,,,,,-0.64134997,-0.63586998,-0.62990999,-0.62409002,-0.61804003,-0.61181003,-0.60523999,-0.59885001,-0.59214997,-0.58446997,-0.57705998,-0.56926,-0.56111997,-0.55237001,-0.54277998,-0.5323,-0.52069998,-0.50683999,-0.48993,-0.46740001,-0.42932001,-0.27415001,,,,,,,,,,,,,,,,,,,,,,,,,,,,,,,,,
-70,,,,,,,,,,,,,,,,,,,,,,,,,,,,,,,,,,,,,,,,,,,,,,,,,,,,,,,,,,,,,,,,,,,,,,,,,,,,,,,,,-0.64420998,-0.63872999,-0.63288999,-0.62686002,-0.62085003,-0.61462998,-0.60820001,-0.60156,-0.59486002,-0.58791,-0.57990998,-0.57217997,-0.56392998,-0.55535001,-0.54561001,-0.53526998,-0.52353001,-0.50992,-0.4928,-0.46928,-0.42934,-0.28723001,,,,,,,,,,,,,,,,,,,,,,,,,,,,,,,,,,
-67,,,,,,,,,,,,,,,,,,,,,,,,,,,,,,,,,,,,,,,,,,,,,,,,,,,,,,,,,,,,,,,,,,,,,,,,,,,,,,,,-0.64679003,-0.64135998,-0.63551003,-0.62959999,-0.62339002,-0.61719,-0.61075997,-0.60417002,-0.59733999,-0.59037,-0.58302999,-0.57473999,-0.56650001,-0.55767,-0.54833001,-0.53750998,-0.52599001,-0.51196998,-0.49495,-0.47115001,-0.42936,-0.25275999,,,,,,,,,,,,,,,,,,,,,,,,,,,,,,,,,,,
-64,,,,,,,,,,,,,,,,,,,,,,,,,,,,,,,,,,,,,,,,,,,,,,,,,,,,,,,,,,,,,,,,,,,,,,,,,,,,,,,-0.64946002,-0.64418,-0.63849002,-0.63243002,-0.62642002,-0.62,-0.61365002,-0.60701001,-0.60022998,-0.59303999,-0.58594,-0.57817,-0.56944001,-0.56063998,-0.55124998,-0.54089999,-0.52867001,-0.51477998,-0.49746001,-0.47332001,-0.43351999,-0.23761,,,,,,,,,,,,,,,,,,,,,,,,,,,,,,,,,,,,
-61,,,,,,,,,,,,,,,,,,,,,,,,,,,,,,,,,,,,,,,,,,,,,,,,,,,,,,,,,,,,,,,,,,,,,,,,,,,,,,-0.65244001,-0.64687997,-0.64133,-0.63533002,-0.62917,-0.62301999,-0.61647999,-0.6099,-0.6031,-0.59608001,-0.58867002,-0.58108002,-0.57292002,-0.5636,-0.55416,-0.54377002,-0.53193003,-0.51788002,-0.50090998,-0.47734001,-0.43379,-0.22590999,,,,,,,,,,,,,,,,,,,,,,,,,,,,,,,,,,,,,
-58,,,,,,,,,,,,,,,,,,,,,,,,,,,,,,,,,,,,,,,,,,,,,,,,,,,,,,,,,,,,,,,,,,,,,,,,,,,,,-0.65524,-0.64990002,-0.64398003,-0.63818997,-0.63207,-0.62581998,-0.61943001,-0.61277997,-0.60597003,-0.59894001,-0.59153003,-0.58380002,-0.57585001,-0.56720001,-0.55716002,-0.54680997,-0.53505999,-0.52099001,-0.50383002,-0.48061001,-0.43937001,-0.25821999,,,,,,,,,,,,,,,,,,,,,,,,,,,,,,,,,,,,,,
-55,,,,,,,,,,,,,,,,,,,,,,,,,,,,,,,,,,,,,,,,,,,,,,,,,,,,,,,,,,,,,,,,,,,,,,,,,,,-0.66377997,-0.65812999,-0.65268999,-0.64688998,-0.64091003,-0.63501,-0.62869,-0.62230998,-0.61567998,-0.60889,-0.60181999,-0.59446001,-0.58671999,-0.57853001,-0.57005,-0.56067997,-0.54979998,-0.53807998,-0.52407998,-0.50708002,-0.48278001,-0.44326001,-0.25373,,,,,,,,,,,,,,,,,,,,,,,,,,,,,,,,,,,,,,,
-52,,,,,,,,,,,,,,,,,,,,,,,,,,,,,,,,,,,,,,,,,,,,,,,,,,,,,,,,,,,,,,,,,,,,,,,,,,-0.66666001,-0.66126001,-0.65549999,-0.64973003,-0.64379001,-0.63765001,-0.63164002,-0.62520999,-0.61861998,-0.61176002,-0.60462999,-0.59732002,-0.58961999,-0.58147001,-0.57268,-0.56355,-0.55337,-0.54109001,-0.52735001,-0.51015002,-0.48697999,-0.44531,-0.28202,,,,,,,,,,,,,,,,,,,,,,,,,,,,,,,,,,,,,,,,
-49,,,,,,,,,,,,,,,,,,,,,,,,,,,,,,,,,,,,,,,,,,,,,,,,,,,,,,,,,,,,,,,,,,,,,,,,,-0.66946,-0.66404998,-0.65841001,-0.65257001,-0.64657003,-0.64059001,-0.63431001,-0.62807,-0.62151998,-0.61473,-0.60756999,-0.60009003,-0.59252,-0.58442998,-0.57577997,-0.56638998,-0.55628997,-0.54473001,-0.53030002,-0.51356,-0.48999,-0.44786,-0.26745999,,,,,,,,,,,,,,,,,,,,,,,,,,,,,,,,,,,,,,,,,
-46,,,,,,,,,,,,,,,,,,,,,,,,,,,,,,,,,,,,,,,,,,,,,,,,,,,,,,,,,,,,,,,,,,,,,,,,-0.67214,-0.66688001,-0.66118002,-0.65539998,-0.64946002,-0.64340001,-0.63716,-0.63072002,-0.62440002,-0.61763,-0.61047,-0.60303998,-0.59527999,-0.58737999,-0.57871997,-0.56926,-0.55905002,-0.54782999,-0.53416997,-0.51662999,-0.49403,-0.45377001,-0.28455001,,,,,,,,,,,,,,,,,,,,,,,,,,,,,,,,,,,,,,,,,,
-43,,,,,,,,,,,,,,,,,,,,,,,,,,,,,,,,,,,,,,,,,,,,,,,,,,,,,,,,,,,,,,,,,,,,,,,-0.67501998,-0.66959,-0.66404998,-0.65824997,-0.6523,-0.64622998,-0.64002001,-0.63362002,-0.62708998,-0.62046999,-0.61335999,-0.60606003,-0.59820998,-0.59006,-0.58162999,-0.57235998,-0.56207001,-0.55045998,-0.53741997,-0.52072001,-0.49678999,-0.45804,-0.28380001,,,,,,,,,,,,,,,,,,,,,,,,,,,,,,,,,,,,,,,,,,,
-40,,,,,,,,,,,,,,,,,,,,,,,,,,,,,,,,,,,,,,,,,,,,,,,,,,,,,,,,,,,,,,,,,,,,,,-0.67774999,-0.67246002,-0.66674,-0.66109002,-0.65507001,-0.64902002,-0.64284998,-0.63646001,-0.62996,-0.62317002,-0.61631,-0.60883999,-0.60122001,-0.59310001,-0.58429003,-0.57520998,-0.56493998,-0.55348998,-0.53987998,-0.52394998,-0.50123,-0.46101001,-0.31349,,,,,,,,,,,,,,,,,,,,,,,,,,,,,,,,,,,,,,,,,,,,
-37,,,,,,,,,,,,,,,,,,,,,,,,,,,,,,,,,,,,,,,,,,,,,,,,,,,,,,,,,,,,,,,,,,,,,-0.68071997,-0.67521,-0.66961998,-0.66377997,-0.65798002,-0.65188998,-0.64556998,-0.63933003,-0.63268,-0.62602001,-0.61899,-0.61189997,-0.60412002,-0.59605002,-0.58743,-0.57783002,-0.56792003,-0.55655998,-0.54329002,-0.52692002,-0.50449002,-0.46792001,-0.29749,,,,,,,,,,,,,,,,,,,,,,,,,,,,,,,,,,,,,,,,,,,,,
-34,,,,,,,,,,,,,,,,,,,,,,,,,,,,,,,,,,,,,,,,,,,,,,,,,,,,,,,,,,,,,,,,,,,,-0.68326998,-0.67821997,-0.67241001,-0.66661,-0.66070002,-0.65472001,-0.64851999,-0.64207,-0.63555998,-0.62870997,-0.62181997,-0.61453003,-0.60715002,-0.59898001,-0.59038001,-0.58109999,-0.57060999,-0.55937999,-0.54617,-0.52970999,-0.50777,-0.47217,-0.34049001,,,,,,,,,,,,,,,,,,,,,,,,,,,,,,,,,,,,,,,,,,,,,,
-31,,,,,,,,,,,,,,,,,,,,,,,,,,,,,,,,,,,,,,,,,,,,,,,,,,,,,,,,,,,,,,,,,,,-0.68628001,-0.68072999,-0.67541999,-0.66942,-0.66347998,-0.65745997,-0.65131998,-0.64491999,-0.6383,-0.63161999,-0.62450999,-0.61734998,-0.60982001,-0.60198998,-0.59329998,-0.58402002,-0.57366002,-0.56213999,-0.54936999,-0.53276998,-0.51049,-0.47400999,-0.34962001,,,,,,,,,,,,,,,,,,,,,,,,,,,,,,,,,,,,,,,,,,,,,,,
-28,,,,,,,,,,,,,,,,,,,,,,,,,,,,,,,,,,,,,,,,,,,,,,,,,,,,,,,,,,,,,,,,,,-0.68899,-0.68370998,-0.67794001,-0.67246002,-0.66627997,-0.66026998,-0.65403003,-0.64774001,-0.64125001,-0.63433999,-0.62752002,-0.62011999,-0.61260998,-0.60462999,-0.59621,-0.58680999,-0.57679999,-0.56511998,-0.55188,-0.53560001,-0.51411003,-0.47738001,-0.35363999,,,,,,,,,,,,,,,,,,,,,,,,,,,,,,,,,,,,,,,,,,,,,,,,
-25,,,,,,,,,,,,,,,,,,,,,,,,,,,,,,,,,,,,,,,,,,,,,,,,,,,,,,,,,,,,,,,,,-0.69182998,-0.68650001,-0.68089002,-0.67496997,-0.66931999,-0.66307002,-0.65691,-0.65047002,-0.64401001,-0.63739002,-0.63015002,-0.62311,-0.61543,-0.60743999,-0.59899998,-0.58991998,-0.57968998,-0.56835997,-0.55457002,-0.53852999,-0.51666999,-0.48006001,-0.35745999,,,,,,,,,,,,,,,,,,,,,,,,,,,,,,,,,,,,,,,,,,,,,,,,,
-22,,,,,,,,,,,,,,,,,,,,,,,,,,,,,,,,,,,,,,,,,,,,,,,,,,,,,,,,,,,,,,,,-0.69450998,-0.68939,-0.68369001,-0.67796999,-0.67177999,-0.66601998,-0.65973997,-0.65337002,-0.64681,-0.64008999,-0.63321,-0.62575001,-0.61839002,-0.61021,-0.60172999,-0.59253001,-0.58263999,-0.57108003,-0.55829,-0.54128999,-0.51944,-0.48344001,-0.36151001,,,,,,,,,,,,,,,,,,,,,,,,,,,,,,,,,,,,,,,,,,,,,,,,,,
-19,,,,,,,,,,,,,,,,,,,,,,,,,,,,,,,,,,,,,,,,,,,,,,,,,,,,,,,,,,,,,,,-0.69743001,-0.69194001,-0.68660998,-0.68072999,-0.67488003,-0.66859001,-0.66263002,-0.65610999,-0.64959002,-0.64293998,-0.63591999,-0.62884003,-0.62093002,-0.61317003,-0.60461998,-0.59534001,-0.58525997,-0.57419997,-0.56085002,-0.54499,-0.52254999,-0.48594001,-0.36484,,,,,,,,,,,,,,,,,,,,,,,,,,,,,,,,,,,,,,,,,,,,,,,,,,,
-16,,,,,,,,,,,,,,,,,,,,,,,,,,,,,,,,,,,,,,,,,,,,,,,,,,,,,,,,,,,,,,,-0.69492,-0.68915999,-0.68362999,-0.67763001,-0.67163002,-0.66522998,-0.65904999,-0.65245998,-0.64565998,-0.63883001,-0.63156998,-0.62405998,-0.61592001,-0.60746002,-0.59819001,-0.58811998,-0.57683003,-0.56396002,-0.54772002,-0.52622002,-0.48909,-0.36068001,,,,,,,,,,,,,,,,,,,,,,,,,,,,,,,,,,,,,,,,,,,,,,,,,,,,
-13,,,,,,,,,,,,,,,,,,,,,,,,,,,,,,,,,,,,,,,,,,,,,,,,,,,,,,,,,,,,,,-0.69722998,-0.69207001,-0.68623,-0.68046999,-0.67431998,-0.66829002,-0.66167998,-0.65534002,-0.64855999,-0.6415,-0.63437003,-0.62672001,-0.61874998,-0.61014003,-0.60109001,-0.59083998,-0.57947999,-0.56664997,-0.55066001,-0.52868003,-0.49331,-0.35755,,,,,,,,,,,,,,,,,,,,,,,,,,,,,,,,,,,,,,,,,,,,,,,,,,,,,
-10,,,,,,,,,,,,,,,,,,,,,,,,,,,,,,,,,,,,,,,,,,,,,,,,,,,,,,,,,,,,,-0.70001,-0.69463998,-0.68909001,-0.68312001,-0.67724001,-0.67098999,-0.66474003,-0.65797001,-0.65135998,-0.64433002,-0.63712001,-0.62954998,-0.62154001,-0.61299998,-0.60385001,-0.59390002,-0.58245999,-0.56928003,-0.55334002,-0.53193998,-0.49507999,-0.37158,,,,,,,,,,,,,,,,,,,,,,,,,,,,,,,,,,,,,,,,,,,,,,,,,,,,,,
-7,,,,,,,,,,,,,,,,,,,,,,,,,,,,,,,,,,,,,,,,,,,,,,,,,,,,,,,,,,,,-0.70279998,-0.69748002,-0.69177997,-0.68598002,-0.67986,-0.67390001,-0.66742998,-0.66101003,-0.65423,-0.64726001,-0.63985997,-0.63234001,-0.62448001,-0.61575001,-0.6067,-0.59653997,-0.58532,-0.57224,-0.55631,-0.53467,-0.4989,-0.37046999,,,,,,,,,,,,,,,,,,,,,,,,,,,,,,,,,,,,,,,,,,,,,,,,,,,,,,,
-4,,,,,,,,,,,,,,,,,,,,,,,,,,,,,,,,,,,,,,,,,,,,,,,,,,,,,,,,,,,-0.70560998,-0.70020002,-0.69454998,-0.68874002,-0.68274999,-0.67650002,-0.67036998,-0.66377002,-0.65706998,-0.65012002,-0.64278001,-0.63529998,-0.62717003,-0.61878002,-0.60930002,-0.59937,-0.58807999,-0.57493001,-0.55914003,-0.53728002,-0.50079,-0.37151,,,,,,,,,,,,,,,,,,,,,,,,,,,,,,,,,,,,,,,,,,,,,,,,,,,,,,,,
-1,,,,,,,,,,,,,,,,,,,,,,,,,,,,,,,,,,,,,,,,,,,,,,,,,,,,,,,,,,-0.70854998,-0.70300001,-0.69736999,-0.69142002,-0.68553001,-0.67938,-0.67297,-0.66663998,-0.65982997,-0.65296,-0.64568001,-0.63809001,-0.62998998,-0.62132001,-0.61228001,-0.60209,-0.59083998,-0.57789999,-0.56162,-0.54035002,-0.50312001,-0.36664999,,,,,,,,,,,,,,,,,,,,,,,,,,,,,,,,,,,,,,,,,,,,,,,,,,,,,,,,,
2,,,,,,,,,,,,,,,,,,,,,,,,,,,,,,,,,,,,,,,,,,,,,,,,,,,,,,,,,,-0.70592999,-0.70007998,-0.69428003,-0.68826002,-0.68220001,-0.67584002,-0.66927999,-0.6627,-0.65574002,-0.64854997,-0.64095998,-0.63288999,-0.62427998,-0.61502999,-0.60518003,-0.59364003,-0.58042002,-0.56476003,-0.54228002,-0.50669998,-0.37316999,,,,,,,,,,,,,,,,,,,,,,,,,,,,,,,,,,,,,,,,,,,,,,,,,,,,,,,,,,
5,,,,,,,,,,,,,,,,,,,,,,,,,,,,,,,,,,,,,,,,,,,,,,,,,,,,,,,,,-0.70822001,-0.70305997,-0.69701999,-0.69106001,-0.68488997,-0.67870998,-0.67218,-0.66531998,-0.65856999,-0.65126002,-0.64380997,-0.63590997,-0.62722999,-0.61791998,-0.60767001,-0.59671998,-0.58310002,-0.56696999,-0.54465997,-0.50765997,-0.37198001,,,,,,,,,,,,,,,,,,,,,,,,,,,,,,,,,,,,,,,,,,,,,,,,,,,,,,,,,,,
8,,,,,,,,,,,,,,,,,,,,,,,,,,,,,,,,,,,,,,,,,,,,,,,,,,,,,,,,-0.71107,-0.70558,-0.70002002,-0.69387001,-0.68766999,-0.68134999,-0.67508,-0.66833001,-0.66118002,-0.65414,-0.64652997,-0.63861001,-0.63024002,-0.62089998,-0.61057001,-0.59908003,-0.58631998,-0.56942999,-0.54725999,-0.50831997,-0.35844001,,,,,,,,,,,,,,,,,,,,,,,,,,,,,,,,,,,,,,,,,,,,,,,,,,,,,,,,,,,,
11,,,,,,,,,,,,,,,,,,,,,,,,,,,,,,,,,,,,,,,,,,,,,,,,,,,,,,,-0.71433997,-0.70836002,-0.70262998,-0.69676,-0.69059998,-0.68415999,-0.67769003,-0.67117,-0.66415,-0.65675998,-0.64947999,-0.64135998,-0.63293999,-0.62380999,-0.61364001,-0.60206002,-0.58850002,-0.57288998,-0.55059999,-0.51077002,-0.3389,,,,,,,,,,,,,,,,,,,,,,,,,,,,,,,,,,,,,,,,,,,,,,,,,,,,,,,,,,,,,
14,,,,,,,,,,,,,,,,,,,,,,,,,,,,,,,,,,,,,,,,,,,,,,,,,,,,,,-0.71710002,-0.71161002,-0.70539999,-0.69948,-0.69344002,-0.68699998,-0.68055999,-0.67383999,-0.66698998,-0.65979999,-0.65205997,-0.64429998,-0.63568997,-0.62667,-0.61659998,-0.60513997,-0.59127998,-0.57485002,-0.55330002,-0.51486999,-0.32567,,,,,,,,,,,,,,,,,,,,,,,,,,,,,,,,,,,,,,,,,,,,,,,,,,,,,,,,,,,,,,
17,,,,,,,,,,,,,,,,,,,,,,,,,,,,,,,,,,,,,,,,,,,,,,,,,,,,,,-0.71433002,-0.70854002,-0.70232999,-0.6961,-0.68987,-0.68338001,-0.67658001,-0.66982001,-0.66259003,-0.65504998,-0.64697999,-0.63871002,-0.62933999,-0.61945999,-0.60813999,-0.59496999,-0.57758999,-0.55531001,-0.51640999,-0.33745,,,,,,,,,,,,,,,,,,,,,,,,,,,,,,,,,,,,,,,,,,,,,,,,,,,,,,,,,,,,,,,
20,,,,,,,,,,,,,,,,,,,,,,,,,,,,,,,,,,,,,,,,,,,,,,,,,,,,,-0.71689999,-0.71126997,-0.70534998,-0.69898999,-0.69260001,-0.68623,-0.67945999,-0.67249,-0.66544002,-0.65788001,-0.64986002,-0.64121997,-0.63234001,-0.62199003,-0.61110997,-0.59772003,-0.58165997,-0.55798,-0.51817,-0.32240999,,,,,,,,,,,,,,,,,,,,,,,,,,,,,,,,,,,,,,,,,,,,,,,,,,,,,,,,,,,,,,,,
23,,,,,,,,,,,,,,,,,,,,,,,,,,,,,,,,,,,,,,,,,,,,,,,,,,,,-0.71968001,-0.71407002,-0.70798999,-0.70196998,-0.69549,-0.68899,-0.68238997,-0.67527997,-0.66803998,-0.66078001,-0.65274,-0.64425999,-0.63489002,-0.62510997,-0.61347002,-0.60075998,-0.58478999,-0.56207001,-0.51991999,-0.31727999,,,,,,,,,,,,,,,,,,,,,,,,,,,,,,,,,,,,,,,,,,,,,,,,,,,,,,,,,,,,,,,,,
26,,,,,,,,,,,,,,,,,,,,,,,,,,,,,,,,,,,,,,,,,,,,,,,,,,,-0.72248,-0.71686,-0.71095002,-0.70466,-0.69845003,-0.69191998,-0.68516999,-0.67826003,-0.67095,-0.66328001,-0.65569001,-0.64709997,-0.63779998,-0.62779999,-0.61669999,-0.60325998,-0.58710003,-0.56519997,-0.52617002,-0.31815001,,,,,,,,,,,,,,,,,,,,,,,,,,,,,,,,,,,,,,,,,,,,,,,,,,,,,,,,,,,,,,,,,,
29,,,,,,,,,,,,,,,,,,,,,,,,,,,,,,,,,,,,,,,,,,,,,,,,,,-0.72518998,-0.71960998,-0.7137,-0.70765001,-0.70117003,-0.69488001,-0.68798,-0.68102002,-0.67378998,-0.66621,-0.65812999,-0.65002,-0.64078999,-0.63063997,-0.61908001,-0.6067,-0.58954,-0.56795001,-0.52837002,-0.31505001,,,,,,,,,,,,,,,,,,,,,,,,,,,,,,,,,,,,,,,,,,,,,,,,,,,,,,,,,,,,,,,,,,,
32,,,,,,,,,,,,,,,,,,,,,,,,,,,,,,,,,,,,,,,,,,,,,,,,,,-0.72232997,-0.71647,-0.71038997,-0.70420998,-0.69751,-0.69098002,-0.68383998,-0.67668998,-0.66914999,-0.66105002,-0.65253001,-0.64392,-0.63352001,-0.62213999,-0.60879999,-0.59327,-0.56974,-0.53179002,-0.34208,,,,,,,,,,,,,,,,,,,,,,,,,,,,,,,,,,,,,,,,,,,,,,,,,,,,,,,,,,,,,,,,,,,,
35,,,,,,,,,,,,,,,,,,,,,,,,,,,,,,,,,,,,,,,,,,,,,,,,,-0.72456998,-0.71916997,-0.71319997,-0.70699,-0.70055002,-0.69365001,-0.68686002,-0.67947,-0.67201,-0.66407001,-0.65561002,-0.64622998,-0.63670999,-0.62532997,-0.61184001,-0.59522003,-0.57336998,-0.53218001,-0.35376,,,,,,,,,,,,,,,,,,,,,,,,,,,,,,,,,,,,,,,,,,,,,,,,,,,,,,,,,,,,,,,,,,,,,
38,,,,,,,,,,,,,,,,,,,,,,,,,,,,,,,,,,,,,,,,,,,,,,,,-0.72741997,-0.72162998,-0.71581,-0.70968997,-0.70340002,-0.69676,-0.68959999,-0.68251997,-0.67477,-0.66684997,-0.65846002,-0.64932001,-0.63916999,-0.62834001,-0.61497003,-0.59829003,-0.57586998,-0.53724003,-0.30125001,,,,,,,,,,,,,,,,,,,,,,,,,,,,,,,,,,,,,,,,,,,,,,,,,,,,,,,,,,,,,,,,,,,,,,
41,,,,,,,,,,,,,,,,,,,,,,,,,,,,,,,,,,,,,,,,,,,,,,,-0.73057997,-0.72451001,-0.71838999,-0.71240002,-0.70599997,-0.69950998,-0.69261998,-0.68524998,-0.67776,-0.66970003,-0.66122001,-0.65213001,-0.64223999,-0.63068998,-0.61809999,-0.60145998,-0.57863998,-0.53766,-0.34435999,,,,,,,,,,,,,,,,,,,,,,,,,,,,,,,,,,,,,,,,,,,,,,,,,,,,,,,,,,,,,,,,,,,,,,,
44,,,,,,,,,,,,,,,,,,,,,,,,,,,,,,,,,,,,,,,,,,,,,,-0.73315001,-0.72758001,-0.72122997,-0.71493,-0.70879,-0.70218003,-0.69545001,-0.68826002,-0.68055999,-0.67273998,-0.66407001,-0.65502,-0.64495999,-0.63349003,-0.62048,-0.60492003,-0.58234,-0.5413,-0.27616,,,,,,,,,,,,,,,,,,,,,,,,,,,,,,,,,,,,,,,,,,,,,,,,,,,,,,,,,,,,,,,,,,,,,,,,
47,,,,,,,,,,,,,,,,,,,,,,,,,,,,,,,,,,,,,,,,,,,,,-0.73515999,-0.73018998,-0.72428,-0.71779001,-0.71139002,-0.70493001,-0.69810998,-0.69107002,-0.68361998,-0.67545998,-0.66696,-0.65776998,-0.64782,-0.63646001,-0.62352997,-0.60684001,-0.58568001,-0.54513001,-0.30327001,,,,,,,,,,,,,,,,,,,,,,,,,,,,,,,,,,,,,,,,,,,,,,,,,,,,,,,,,,,,,,,,,,,,,,,,,
50,,,,,,,,,,,,,,,,,,,,,,,,,,,,,,,,,,,,,,,,,,,,,-0.73220998,-0.72685999,-0.72077,-0.71421999,-0.70757002,-0.70086002,-0.69379997,-0.68650001,-0.67860001,-0.66979003,-0.66066998,-0.65065998,-0.63945001,-0.62617999,-0.61006999,-0.58702999,-0.54951,-0.34593999,,,,,,,,,,,,,,,,,,,,,,,,,,,,,,,,,,,,,,,,,,,,,,,,,,,,,,,,,,,,,,,,,,,,,,,,,,
53,,,,,,,,,,,,,,,,,,,,,,,,,,,,,,,,,,,,,,,,,,,,-0.73470998,-0.72895998,-0.72341001,-0.71714002,-0.71043003,-0.70357001,-0.69652998,-0.68919998,-0.68142998,-0.67295003,-0.66368002,-0.65375,-0.64244998,-0.62922001,-0.61259001,-0.59031999,-0.551,-0.35905999,,,,,,,,,,,,,,,,,,,,,,,,,,,,,,,,,,,,,,,,,,,,,,,,,,,,,,,,,,,,,,,,,,,,,,,,,,,
56,,,,,,,,,,,,,,,,,,,,,,,,,,,,,,,,,,,,,,,,,,,-0.73729998,-0.73167998,-0.72551,-0.71986002,-0.71324003,-0.70640999,-0.69926,-0.69182998,-0.68408,-0.67578,-0.66679001,-0.65656,-0.64539999,-0.63213998,-0.61572999,-0.59301001,-0.55348003,-0.32771999,,,,,,,,,,,,,,,,,,,,,,,,,,,,,,,,,,,,,,,,,,,,,,,,,,,,,,,,,,,,,,,,,,,,,,,,,,,,
59,,,,,,,,,,,,,,,,,,,,,,,,,,,,,,,,,,,,,,,,,,-0.74019003,-0.73435003,-0.72825998,-0.72184998,-0.71605003,-0.70920998,-0.70204002,-0.69477999,-0.68674999,-0.67852002,-0.66968,-0.65959001,-0.64823997,-0.63511002,-0.61883003,-0.59632999,-0.55584002,-0.33410999,,,,,,,,,,,,,,,,,,,,,,,,,,,,,,,,,,,,,,,,,,,,,,,,,,,,,,,,,,,,,,,,,,,,,,,,,,,,,
62,,,,,,,,,,,,,,,,,,,,,,,,,,,,,,,,,,,,,,,,,-0.74274999,-0.73720002,-0.73088002,-0.72461998,-0.71814001,-0.71202999,-0.70485002,-0.69734001,-0.68957001,-0.68111002,-0.67229003,-0.66251999,-0.65125,-0.63791001,-0.62224001,-0.59930998,-0.55967999,-0.31318,,,,,,,,,,,,,,,,,,,,,,,,,,,,,,,,,,,,,,,,,,,,,,,,,,,,,,,,,,,,,,,,,,,,,,,,,,,,,,
65,,,,,,,,,,,,,,,,,,,,,,,,,,,,,,,,,,,,,,,,,-0.73975998,-0.73382998,-0.72724998,-0.72074997,-0.71403998,-0.70763999,-0.70025003,-0.69199002,-0.68396997,-0.67486,-0.66529,-0.65415001,-0.64120001,-0.62483001,-0.60229999,-0.56283998,-0.32451999,,,,,,,,,,,,,,,,,,,,,,,,,,,,,,,,,,,,,,,,,,,,,,,,,,,,,,,,,,,,,,,,,,,,,,,,,,,,,,,
68,,,,,,,,,,,,,,,,,,,,,,,,,,,,,,,,,,,,,,,,-0.74198997,-0.73650998,-0.73034,-0.72354001,-0.71688002,-0.70972002,-0.70305997,-0.69529003,-0.68684,-0.67795002,-0.66790998,-0.65719002,-0.64409,-0.62821001,-0.60570002,-0.56698,-0.36442,,,,,,,,,,,,,,,,,,,,,,,,,,,,,,,,,,,,,,,,,,,,,,,,,,,,,,,,,,,,,,,,,,,,,,,,,,,,,,,,
71,,,,,,,,,,,,,,,,,,,,,,,,,,,,,,,,,,,,,,,-0.74470001,-0.73887002,-0.73289001,-0.72648001,-0.71945,-0.71249002,-0.70491999,-0.69788998,-0.68962002,-0.68045002,-0.67071003,-0.65957999,-0.64706999,-0.63125002,-0.60882002,-0.56871998,-0.31084001,,,,,,,,,,,,,,,,,,,,,,,,,,,,,,,,,,,,,,,,,,,,,,,,,,,,,,,,,,,,,,,,,,,,,,,,,,,,,,,,,
74,,,,,,,,,,,,,,,,,,,,,,,,,,,,,,,,,,,,,,-0.74747998,-0.74155003,-0.73528999,-0.72904003,-0.72245002,-0.71517003,-0.70780998,-0.69984001,-0.69237,-0.68326998,-0.67329001,-0.66254002,-0.64956999,-0.63402998,-0.61220002,-0.57141,-0.30239001,,,,,,,,,,,,,,,,,,,,,,,,,,,,,,,,,,,,,,,,,,,,,,,,,,,,,,,,,,,,,,,,,,,,,,,,,,,,,,,,,,
77,,,,,,,,,,,,,,,,,,,,,,,,,,,,,,,,,,,,,-0.75032002,-0.74447,-0.73807001,-0.73166001,-0.72513002,-0.71832001,-0.71077001,-0.70291001,-0.69431001,-0.68655998,-0.67686999,-0.66530001,-0.65249997,-0.63677001,-0.61590999,-0.57818002,-0.37035999,,,,,,,,,,,,,,,,,,,,,,,,,,,,,,,,,,,,,,,,,,,,,,,,,,,,,,,,,,,,,,,,,,,,,,,,,,,,,,,,,,,
80,,,,,,,,,,,,,,,,,,,,,,,,,,,,,,,,,,,,,-0.74716002,-0.74093997,-0.73431998,-0.72755998,-0.72064,-0.71358001,-0.70569998,-0.69733,-0.68799001,-0.67923999,-0.6681,-0.65495998,-0.63909,-0.61809999,-0.58037001,-0.38931,,,,,,,,,,,,,,,,,,,,,,,,,,,,,,,,,,,,,,,,,,,,,,,,,,,,,,,,,,,,,,,,,,,,,,,,,,,,,,,,,,,,
83,,,,,,,,,,,,,,,,,,,,,,,,,,,,,,,,,,,,-0.74950999,-0.74361002,-0.73724997,-0.73035002,-0.72324002,-0.71603,-0.70850998,-0.70008999,-0.69098002,-0.68084002,-0.67085999,-0.65793997,-0.64139998,-0.61941999,-0.58424997,-0.40798,,,,,,,,,,,,,,,,,,,,,,,,,,,,,,,,,,,,,,,,,,,,,,,,,,,,,,,,,,,,,,,,,,,,,,,,,,,,,,,,,,,,,
86,,,,,,,,,,,,,,,,,,,,,,,,,,,,,,,,,,,-0.75216001,-0.74629998,-0.74001998,-0.73332,-0.72606999,-0.71868998,-0.71104002,-0.70304,-0.69410002,-0.68404001,-0.67273003,-0.66110998,-0.64488,-0.62278998,-0.58386999,-0.42849001,,,,,,,,,,,,,,,,,,,,,,,,,,,,,,,,,,,,,,,,,,,,,,,,,,,,,,,,,,,,,,,,,,,,,,,,,,,,,,,,,,,,,,
89,,,,,,,,,,,,,,,,,,,,,,,,,,,,,,,,,,-0.75528002,-0.74896997,-0.74263,-0.73609,-0.72895002,-0.72153997,-0.71363002,-0.70542002,-0.69690001,-0.68690997,-0.67562002,-0.66228998,-0.64784998,-0.62550002,-0.58691001,-0.38988999,,,,,,,,,,,,,,,,,,,,,,,,,,,,,,,,,,,,,,,,,,,,,,,,,,,,,,,,,,,,,,,,,,,,,,,,,,,,,,,,,,,,,,,
92,,,,,,,,,,,,,,,,,,,,,,,,,,,,,,,,,-0.75801998,-0.75194001,-0.74528003,-0.73856997,-0.73174,-0.72421002,-0.71638,-0.70806998,-0.699,-0.68948001,-0.67839003,-0.66516,-0.64867997,-0.62835997,-0.58827001,-0.37502,,,,,,,,,,,,,,,,,,,,,,,,,,,,,,,,,,,,,,,,,,,,,,,,,,,,,,,,,,,,,,,,,,,,,,,,,,,,,,,,,,,,,,,,
95,,,,,,,,,,,,,,,,,,,,,,,,,,,,,,,,-0.76078999,-0.75477999,-0.74831998,-0.74136001,-0.73434001,-0.72706002,-0.71916997,-0.71085,-0.70169997,-0.69195998,-0.68110001,-0.66823,-0.65145999,-0.62835002,-0.59052998,-0.34461999,,,,,,,,,,,,,,,,,,,,,,,,,,,,,,,,,,,,,,,,,,,,,,,,,,,,,,,,,,,,,,,,,,,,,,,,,,,,,,,,,,,,,,,,,
98,,,,,,,,,,,,,,,,,,,,,,,,,,,,,,,,-0.75761998,-0.75123,-0.74439001,-0.73724002,-0.7299,-0.72207999,-0.71372002,-0.70477003,-0.69467002,-0.68361002,-0.67085999,-0.65535998,-0.63240999,-0.58868003,-0.34569001,,,,,,,,,,,,,,,,,,,,,,,,,,,,,,,,,,,,,,,,,,,,,,,,,,,,,,,,,,,,,,,,,,,,,,,,,,,,,,,,,,,,,,,,,,
101,,,,,,,,,,,,,,,,,,,,,,,,,,,,,,,-0.76002997,-0.75384998,-0.74717999,-0.74001998,-0.7324,-0.72481,-0.71640998,-0.70749998,-0.69739997,-0.68601,-0.67289001,-0.65741998,-0.63467002,-0.59131998,0.97276998,1.9256001,,,,,,,,,,,,,,,,,,,,,,,,,,,,,,,,,,,,,,,,,,,,,,,,,,,,,,,,,,,,,,,,,,,,,,,,,,,,,,,,,,,,,,,,,,
104,,,,,,,,,,,,,,,,,,,,,,,,,,,,,,-0.76278001,-0.75659001,-0.74992001,-0.74291998,-0.73536998,-0.72741002,-0.71912998,-0.71013999,-0.70039999,-0.68886,-0.67567003,-0.65907001,-0.63753998,-0.59518999,0.85639,,,,,,,,,,,,,,,,,,,,,,,,,,,,,,,,,,,,,,,,,,,,,,,,,,,,,,,,,,,,,,,,,,,,,,,,,,,,,,,,,,,,,,,,,,,,
107,,,,,,,,,,,,,,,,,,,,,,,,,,,,,-0.76552999,-0.75946999,-0.75275999,-0.74566001,-0.73837,-0.73049998,-0.72210002,-0.71306002,-0.70328999,-0.69225001,-0.67872,-0.66218001,-0.63881999,-0.59978002,-0.32049,,,,,,,,,,,,,,,,,,,,,,,,,,,,,,,,,,,,,,,,,,,,,,,,,,,,,,,,,,,,,,,,,,,,,,,,,,,,,,,,,,,,,,,,,,,,,
110,,,,,,,,,,,,,,,,,,,,,,,,,,,,-0.76842999,-0.76212001,-0.75556999,-0.74847001,-0.74115998,-0.73328,-0.72490001,-0.71577001,-0.70591003,-0.6947,-0.68166,-0.66481,-0.64117002,-0.59661001,0.1411,,,,,,,,,,,,,,,,,,,,,,,,,,,,,,,,,,,,,,,,,,,,,,,,,,,,,,,,,,,,,,,,,,,,,,,,,,,,,,,,,,,,,,,,,,,,,,
113,,,,,,,,,,,,,,,,,,,,,,,,,,,,-0.76504999,-0.75823998,-0.75134999,-0.7439,-0.73614001,-0.72773999,-0.71853,-0.70862001,-0.69764,-0.68431002,-0.66820002,-0.64389002,-0.59706002,1.734,,,,,,,,,,,,,,,,,,,,,,,,,,,,,,,,,,,,,,,,,,,,,,,,,,,,,,,,,,,,,,,,,,,,,,,,,,,,,,,,,,,,,,,,,,,,,,,
116,,,,,,,,,,,,,,,,,,,,,,,,,,,-0.76823997,-0.76130998,-0.75414997,-0.74694997,-0.73892999,-0.73071998,-0.72182,-0.71160001,-0.70039999,-0.68725002,-0.67093998,-0.64816999,-0.60355997,2.7702,,,,,,,,,,,,,,,,,,,,,,,,,,,,,,,,,,,,,,,,,,,,,,,,,,,,,,,,,,,,,,,,,,,,,,,,,,,,,,,,,,,,,,,,,,,,,,,,
119,,,,,,,,,,,,,,,,,,,,,,,,,,-0.77069998,-0.76436001,-0.75704002,-0.74944001,-0.74195999,-0.73347998,-0.72443998,-0.71443999,-0.70293999,-0.68989003,-0.67342001,-0.65056998,-0.60688001,2.6145,,,,,,,,,,,,,,,,,,,,,,,,,,,,,,,,,,,,,,,,,,,,,,,,,,,,,,,,,,,,,,,,,,,,,,,,,,,,,,,,,,,,,,,,,,,,,,,,,
122,,,,,,,,,,,,,,,,,,,,,,,,,,-0.76688999,-0.76012999,-0.75238001,-0.74450999,-0.73644,-0.72742999,-0.71740001,-0.70613003,-0.69275999,-0.67619002,-0.65267003,-0.60825002,2.2829001,,,,,,,,,,,,,,,,,,,,,,,,,,,,,,,,,,,,,,,,,,,,,,,,,,,,,,,,,,,,,,,,,,,,,,,,,,,,,,,,,,,,,,,,,,,,,,,,,,
125,,,,,,,,,,,,,,,,,,,,,,,,,-0.76924002,-0.76273,-0.75556999,-0.74742001,-0.73894,-0.73026001,-0.72025001,-0.70898998,-0.69580001,-0.67887998,-0.65610999,-0.60952002,3.5095,,,,,,,,,,,,,,,,,,,,,,,,,,,,,,,,,,,,,,,,,,,,,,,,,,,,,,,,,,,,,,,,,,,,,,,,,,,,,,,,,,,,,,,,,,,,,,,,,,,
128,,,,,,,,,,,,,,,,,,,,,,,,,-0.76537001,-0.75830001,-0.75072998,-0.74201,-0.73286998,-0.72338003,-0.7123,-0.69922,-0.68237001,-0.65842998,-0.6146,2.5450001,,,,,,,,,,,,,,,,,,,,,,,,,,,,,,,,,,,,,,,,,,,,,,,,,,,,,,,,,,,,,,,,,,,,,,,,,,,,,,,,,,,,,,,,,,,,,,,,,,,,
131,,,,,,,,,,,,,,,,,,,,,,,,-0.76773,-0.7608,-0.75327998,-0.74515998,-0.73575997,-0.72583002,-0.71489,-0.70196003,-0.68537003,-0.66197002,-0.61404997,2.8197,,,,,,,,,,,,,,,,,,,,,,,,,,,,,,,,,,,,,,,,,,,,,,,,,,,,,,,,,,,,,,,,,,,,,,,,,,,,,,,,,,,,,,,,,,,,,,,,,,,,,
134,,,,,,,,,,,,,,,,,,,,,,,,-0.76348001,-0.75590003,-0.74774998,-0.73904002,-0.72874999,-0.71722001,-0.70469999,-0.68858999,-0.66518003,-0.61989999,4.6475,,,,,,,,,,,,,,,,,,,,,,,,,,,,,,,,,,,,,,,,,,,,,,,,,,,,,,,,,,,,,,,,,,,,,,,,,,,,,,,,,,,,,,,,,,,,,,,,,,,,,,
137,,,,,,,,,,,,,,,,,,,,,,,-0.76604003,-0.75871003,-0.75057,-0.74171001,-0.73210001,-0.72078001,-0.70741999,-0.69177997,-0.66870999,-0.62577999,1.6372,,,,,,,,,,,,,,,,,,,,,,,,,,,,,,,,,,,,,,,,,,,,,,,,,,,,,,,,,,,,,,,,,,,,,,,,,,,,,,,,,,,,,,,,,,,,,,,,,,,,,,,
140,,,,,,,,,,,,,,,,,,,,,,,-0.76138997,-0.75310999,-0.74440002,-0.73460001,-0.72387999,-0.71030003,-0.69383001,-0.67106003,-0.62797999,2.0399001,,,,,,,,,,,,,,,,,,,,,,,,,,,,,,,,,,,,,,,,,,,,,,,,,,,,,,,,,,,,,,,,,,,,,,,,,,,,,,,,,,,,,,,,,,,,,,,,,,,,,,,,
143,,,,,,,,,,,,,,,,,,,,,,-0.76401001,-0.75588,-0.74708998,-0.73738998,-0.72636998,-0.71350998,-0.69656003,-0.67351002,-0.62954998,1.5534,,,,,,,,,,,,,,,,,,,,,,,,,,,,,,,,,,,,,,,,,,,,,,,,,,,,,,,,,,,,,,,,,,,,,,,,,,,,,,,,,,,,,,,,,,,,,,,,,,,,,,,,,
146,,,,,,,,,,,,,,,,,,,,,-0.76705998,-0.75896001,-0.74985999,-0.74023002,-0.72939003,-0.71649998,-0.70073998,-0.67716002,-0.63322997,1.7235,,,,,,,,,,,,,,,,,,,,,,,,,,,,,,,,,,,,,,,,,,,,,,,,,,,,,,,,,,,,,,,,,,,,,,,,,,,,,,,,,,,,,,,,,,,,,,,,,,,,,,,,,,
149,,,,,,,,,,,,,,,,,,,,,-0.76178002,-0.75285,-0.74265999,-0.73179001,-0.71894002,-0.70299,-0.68063003,-0.63546997,1.7061,,,,,,,,,,,,,,,,,,,,,,,,,,,,,,,,,,,,,,,,,,,,,,,,,,,,,,,,,,,,,,,,,,,,,,,,,,,,,,,,,,,,,,,,,,,,,,,,,,,,,,,,,,,
152,,,,,,,,,,,,,,,,,,,,-0.76560998,-0.75577998,-0.74594998,-0.73434001,-0.72166997,-0.70551002,-0.68302,-0.64177001,3.0964999,,,,,,,,,,,,,,,,,,,,,,,,,,,,,,,,,,,,,,,,,,,,,,,,,,,,,,,,,,,,,,,,,,,,,,,,,,,,,,,,,,,,,,,,,,,,,,,,,,,,,,,,,,,,
155,,,,,,,,,,,,,,,,,,,-0.76804,-0.75940001,-0.74888003,-0.73769999,-0.72400999,-0.70788997,-0.68531001,-0.64239001,1.9227999,,,,,,,,,,,,,,,,,,,,,,,,,,,,,,,,,,,,,,,,,,,,,,,,,,,,,,,,,,,,,,,,,,,,,,,,,,,,,,,,,,,,,,,,,,,,,,,,,,,,,,,,,,,,,
158,,,,,,,,,,,,,,,,,,-0.77104002,-0.76198,-0.75248998,-0.74087,-0.72764999,-0.71038997,-0.68835002,-0.64674002,1.7487,,,,,,,,,,,,,,,,,,,,,,,,,,,,,,,,,,,,,,,,,,,,,,,,,,,,,,,,,,,,,,,,,,,,,,,,,,,,,,,,,,,,,,,,,,,,,,,,,,,,,,,,,,,,,,
161,,,,,,,,,,,,,,,,,,-0.76499999,-0.75489002,-0.74428999,-0.73084998,-0.71455002,-0.69033003,-0.64766002,2.392,,,,,,,,,,,,,,,,,,,,,,,,,,,,,,,,,,,,,,,,,,,,,,,,,,,,,,,,,,,,,,,,,,,,,,,,,,,,,,,,,,,,,,,,,,,,,,,,,,,,,,,,,,,,,,,
164,,,,,,,,,,,,,,,,,-0.76749003,-0.75791001,-0.74659997,-0.73427999,-0.71763003,-0.69483,-0.64844,3.1575,,,,,,,,,,,,,,,,,,,,,,,,,,,,,,,,,,,,,,,,,,,,,,,,,,,,,,,,,,,,,,,,,,,,,,,,,,,,,,,,,,,,,,,,,,,,,,,,,,,,,,,,,,,,,,,,
167,,,,,,,,,,,,,,,,-0.77030998,-0.76060998,-0.74989003,-0.73672998,-0.72130001,-0.69875002,-0.65651,3.5504999,,,,,,,,,,,,,,,,,,,,,,,,,,,,,,,,,,,,,,,,,,,,,,,,,,,,,,,,,,,,,,,,,,,,,,,,,,,,,,,,,,,,,,,,,,,,,,,,,,,,,,,,,,,,,,,,,
170,,,,,,,,,,,,,,,-0.77292001,-0.7633,-0.75240999,-0.73940003,-0.72377998,-0.70213997,-0.65819001,2.1925001,,,,,,,,,,,,,,,,,,,,,,,,,,,,,,,,,,,,,,,,,,,,,,,,,,,,,,,,,,,,,,,,,,,,,,,,,,,,,,,,,,,,,,,,,,,,,,,,,,,,,,,,,,,,,,,,,,
173,,,,,,,,,,,,,,,-0.76605999,-0.75490999,-0.74246001,-0.72622001,-0.70349002,-0.66325998,2.0604,,,,,,,,,,,,,,,,,,,,,,,,,,,,,,,,,,,,,,,,,,,,,,,,,,,,,,,,,,,,,,,,,,,,,,,,,,,,,,,,,,,,,,,,,,,,,,,,,,,,,,,,,,,,,,,,,,,
176,,,,,,,,,,,,,,,-0.75805002,-0.74510002,-0.72956002,-0.70710999,-0.66522998,0.68531001,,,,,,,,,,,,,,,,,,,,,,,,,,,,,,,,,,,,,,,,,,,,,,,,,,,,,,,,,,,,,,,,,,,,,,,,,,,,,,,,,,,,,,,,,,,,,,,,,,,,,,,,,,,,,,,,,,,,
179,,,,,,,,,,,,,,,,,-0.70937002,,,,,,,,,,,,,,,,,,,,,,,,,,,,,,,,,,,,,,,,,,,,,,,,,,,,,,,,,,,,,,,,,,,,,,,,,,,,,,,,,,,,,,,,,,,,,,,,,,,,,,,,,,,,,,,,,,,,,,,
182,,,,,,,,,,,,,,,,,,,,,,,,,,,,,,,,,,,,,,,,,,,,,,,,,,,,,,,,,,,,,,,,,,,,,,,,,,,,,,,,,,,,,,,,,,,,,,,,,,,,,,,,,,,,,,,,,,,,,,,,,,,,,,,,,,,,,,,,
185,,,,,,,,,,,,,,,,,,,,,,,,,,,,,,,,,,,,,,,,,,,,,,,,,,,,,,,,,,,,,,,,,,,,,,,,,,,,,,,,,,,,,,,,,,,,,,,,,,,,,,,,,,,,,,,,,,,,,,,,,,,,,,,,,,,,,,,,
188,,,,,,,,,,,,,,,,,,,,,,,,,,,,,,,,,,,,,,,,,,,,,,,,,,,,,,,,,,,,,,,,,,,,,,,,,,,,,,,,,,,,,,,,,,,,,,,,,,,,,,,,,,,,,,,,,,,,,,,,,,,,,,,,,,,,,,,,
191,,,,,,,,,,,,,,,,,,,,,,,,,,,,,,,,,,,,,,,,,,,,,,,,,,,,,,,,,,,,,,,,,,,,,,,,,,,,,,,,,,,,,,,,,,,,,,,,,,,,,,,,,,,,,,,,,,,,,,,,,,,,,,,,,,,,,,,,
194,,,,,,,,,,,,,,,,,,,,,,,,,,,,,,,,,,,,,,,,,,,,,,,,,,,,,,,,,,,,,,,,,,,,,,,,,,,,,,,,,,,,,,,,,,,,,,,,,,,,,,,,,,,,,,,,,,,,,,,,,,,,,,,,,,,,,,,,
197,,,,,,,,,,,,,,,,,,,,,,,,,,,,,,,,,,,,,,,,,,,,,,,,,,,,,,,,,,,,,,,,,,,,,,,,,,,,,,,,,,,,,,,,,,,,,,,,,,,,,,,,,,,,,,,,,,,,,,,,,,,,,,,,,,,,,,,,
200,,,,,,,,,,,,,,,,,,,,,,,,,,,,,,,,,,,,,,,,,,,,,,,,,,,,,,,,,,,,,,,,,,,,,,,,,,,,,,,,,,,,,,,,,,,,,,,,,,,,,,,,,,,,,,,,,,,,,,,,,,,,,,,,,,,,,,,,
203,,,,,,,,,,,,,,,,,,,,,,,,,,,,,,,,,,,,,,,,,,,,,,,,,,,,,,,,,,,,,,,,,,,,,,,,,,,,,,,,,,,,,,,,,,,,,,,,,,,,,,,,,,,,,,,,,,,,,,,,,,,,,,,,,,,,,,,,
